zip_code,total_students,number_overweight,%overweight,number_obese,%obese,Num_farmersmarkets,#_of_retail_stores,Median,Mean,Pop
0,,,,,,,4,,,
10001,,,,,,,,71244.61,123112.7764,17678
10002,,,,,,1,,30843.9574,46258.6118,70878
10003,,,,,,2,,89998.5339,139330.9968,53609
10004,,,,,,1,,110183.6857,156682.7615,1271
10005,,,,,,1,,115133.2855,163762.6601,1517
10006,,,,,,,,111220,156776,972
10007,,,,,,3,,145458.7823,256235.5719,3520
10009,,,,,,2,,56615.2777,78138.2679,56975
10010,,,,,,,,93702.0061,137105.706,27322
10011,,,,,,2,,92359.4888,160936.5432,45899
10012,,,,,,,,81316.7066,135998.6472,26464
10013,,,,,,,,69836.0955,137738.4104,24723
10014,,,,,,1,,98449.9155,162205.491,32867
10016,,,,,,,,96760.4462,144872.3901,49904
10017,,,,,,1,,102523.5025,149723.7834,16231
10018,,,,,,1,,84799.0772,112292.3727,4255
10019,,,,,,1,,84786.4665,133175.3716,39048
10020,,,,,,,,113846,147680,1
10021,,,,,,,,113800.3846,198530.1081,44173
10022,,,,,,,,93106.6559,158965.178,26460
10023,,,,,,1,,108285.5918,194365.9259,59002
10024,,,,,,1,,110998.9883,191408.2026,61485
10025,,,,,,3,,65001.2415,112009.46,96117
10026,,,,,,1,,31541.8106,50331.7923,25925
10027,,,,,,4,,38550.3989,57766.9366,57049
10028,,,,,,1,,105456.4514,192257.802,40914
10029,,,,,,4,,32876.522,56937.3035,76271
10030,,,,,,1,,28525.1218,51240.6723,26058
10031,,,,,,2,,31526.0287,51413.2034,59450
10032,,,,,,1,,29535.9721,40902.4289,54744
10033,,,,,,1,1,36462.7783,53967.0876,59049
10034,,,,,,1,,37865.7046,46838.4098,37785
10035,,,,,,,,23301.5744,37221.7427,31078
10036,,,,,,1,,62393.3306,89879.286,18660
10037,,,,,,1,,40079.7036,52944.5133,16994
10038,,,,,,,,55937.3774,89760.0452,15435
10039,,,,,,,,28691.9104,37075.3337,21738
10040,,,,,,,,37107.0105,48179.6812,46585
10044,,,,,,,,102485.7479,117866.0277,9519
10065,,,,,,,,108154.9505,191673.5228,31500
10069,,,,,,,,54236.0986,108783.6728,1843
10075,,,,,,,,112267.5519,188422.4971,25187
10110,,,,,,,,36906,79288,33
10112,,,,,,1,,,,
10128,,,,,,1,,105186.9788,180473.0702,59434
10162,,,,,,,,72258,116427,1726
10165,,,,,,,,85565,151404,7
10170,,,,,,,,104023,146411,1
10171,,,,,,,,104023,146411,1
10199,,,,,,,,84275.8,107615.2,10
10278,,,,,,,,104405,143247,2
10280,,,,,,,,98937.8355,138990.0141,4298
10301,,,,,,1,,56776.4674,75009.8666,38618
10302,,,,,,,,59919.3561,70774.0271,16580
10303,,,,,,,,54757.9811,66352.86,22842
10304,,,,,,,,46260.4767,65695.4113,36662
10305,,,,,,,,58937.658,75468.7376,37014
10306,,,,,,,,75212.0632,91445.7035,54812
10307,,,,,,,,92780.8404,110791.465,11662
10308,,,,,,,,75667.7216,85725.9159,23972
10309,,,,,,,,84917.1256,98955.8089,27255
10310,,,,,,,,65263.1506,77595.8957,22793
10312,,,,,,,,84524.3656,99002.3527,55963
10314,,,,,,1,,78413.7436,90427.5476,85260
10451,,,,,,1,,22970.4247,30636.7225,37570
10452,,,,,,3,,27673.4674,35200.996,71254
10453,,,,,,1,,26324.188,35179.332,77913
10454,,,,,,2,,18024.1362,28294.0413,30078
10455,,,,,,3,5,22828.7877,33950.7416,37013
10456,,,,,,1,1,21955.2481,30836.9021,75975
10457,,,,,,2,,25474.4498,34687.9858,68492
10458,,,,,,2,1,25642.1721,34873.0857,77840
10459,,,,,,1,,22843.1774,33743.8935,38847
10460,,,,,,,,23644.951,33567.5699,53752
10461,,,,,,1,,47715.8304,58036.9104,48081
10462,,,,,,,,46085.2485,51310.3756,71130
10463,,,,,,3,1,52301.5618,65039.2853,62456
10464,,,,,,,,1520.168,1673.4115,109
10465,,,,,,,,61446.3421,73646.2435,41282
10466,,,,,,1,,48469.7389,57368.0989,68662
10467,,,,,,3,1,35375.4334,45203.2333,94492
10468,,,,,,,,28765.1143,38638.4808,76073
10469,,,,,,1,,57183.0515,66926.4874,63256
10470,,,,,,1,,53207.5286,65711.6553,15778
10471,,,,,,,,56909.8136,79166.6142,18127
10472,,,,,,1,,32631.8405,42815.4756,64864
10473,,,,,,,4,36132.1114,49073.3332,52624
10474,,,,,,1,2,24244.2862,31476.2226,11365
10475,,,,,,1,,47895.0222,57491.3976,38149
10501,,,,,,,1,156899.772,192610.3,1134
10502,1464,160,10.9289617486,164,11.2021857923,,38,123762.7309,164349.7771,5184
10503,,,,,,,3,115875,199102,109
10504,1731,116,6.7013287117,252,14.5580589255,,52,171989.4688,287442.4559,7139
10505,,,,,,,8,123681.928,149436.528,185
10506,2707,344,12.7077946066,392,14.4809752494,,13,186802.9389,302811.3917,5506
10507,,,,,,,25,67030.6293,107826.6613,5855
10509,1932,344,17.8053830228,290,15.0103519669,1,83,85831.6836,108514.6348,18988
10510,1069,72,6.7352666043,126,11.7867165575,,41,175217.0639,244705.0868,9727
10511,,,,,,,8,88452.6568,127631.7848,2213
10512,,,,,,,80,94768.3172,108953.3653,23865
10514,2377,182,7.6567101388,330,13.8830458561,1,28,189956.7361,278279.3355,11974
10516,395,58,14.6835443038,38,9.6202531646,2,33,77413.5128,108343.9694,5202
10517,,,,,,,2,76820,84219,422
10518,,,,,,,14,163441.0022,227497.2262,954
10519,,,,,,,3,137961.4082,213441.131,392
10520,1015,124,12.2167487685,144,14.1871921182,1,46,95299.4744,123311.6217,12434
10522,674,70,10.3857566766,90,13.353115727,1,45,107195.4629,132831.2837,10636
10523,305,52,17.0491803279,46,15.0819672131,,68,80389.5056,97310.6,7710
10524,,,,,,,13,83073.816,114246.672,4260
10526,,,,,,,3,158977,218303,1675
10527,,,,,,,3,158207,191959,895
10528,2194,220,10.0273473108,342,15.5879671832,,50,131615.5931,188528.2193,12301
10530,,,,,,1,59,105377.0473,133485.6057,13240
10532,,,,,,,29,91258.6094,112888.504,5895
10533,996,91,9.1365461847,144,14.4578313253,,17,113451.1884,190827.427,7547
10535,,,,,,,16,106333,130341,454
10536,,,,,,,22,131967.8549,214945.605,11160
10537,,,,,,,,86492.672,93707.3154,1783
10538,,,,,,1,62,150773.8172,248073.7891,16321
10540,,,,,,,7,,,
10541,2945,510,17.3174872666,410,13.921901528,,72,95198.2853,114064.4214,26329
10543,1090,84,7.7064220183,166,15.2293577982,1,96,94723.7942,146271.5996,20016
10545,,,,,,,4,112917,152224,134
10546,,,,,,,6,176042,214907,1243
10547,,,,,,,37,86362.1663,105364.4632,7332
10548,935,128,13.6898395722,140,14.9732620321,,13,82778.2079,98134.4296,3027
10549,,,,,,1,87,107169.0282,158325.3778,15655
10550,,,,,,,74,42807.4916,55141.1859,37904
10551,,,,,,,1,,,
10552,,,,,,,42,67770.4118,91158.421,19937
10553,4046,780,19.2782995551,664,16.4112703905,,9,56382.1114,66995.4716,10435
10560,780,47,6.0256410256,110,14.1025641026,,13,139313.4022,215200.5299,4659
10562,3181,622,19.553599497,626,19.6793461176,1,77,84559.8181,106627.901,30926
10566,524,121,23.0916030534,86,16.4122137405,1,84,56245.0735,71247.2767,22450
10567,,,,,,1,37,108722.7788,128465.3749,18741
10570,824,62,7.5242718447,90,10.9223300971,2,47,132183.0548,181360.9418,12561
10573,3402,692,20.3409758965,540,15.873015873,,165,73394.0054,105130.3742,36472
10576,,,,,,,10,219553.9941,339448.7625,4764
10577,,,,,,,35,193532.8166,361842.2684,3419
10578,,,,,,,2,134186.325,206558.02,764
10579,891,140,15.7126823793,146,16.3860830527,,22,92599.7348,102068.11,8097
10580,2310,186,8.0519480519,302,13.0735930736,1,95,161991.5583,275650.2741,16560
10583,1737,92,5.296488198,188,10.8232584917,,121,177857.2801,262308.9417,38273
10588,2486,358,14.4006436042,418,16.814159292,,15,88148.2603,107894.2855,1914
10589,1849,156,8.4369929692,332,17.9556517036,,27,96884.3575,123163.7722,7404
10590,2217,206,9.2918358142,301,13.5769057285,,11,149130.5302,192346.2326,6755
10591,,,,,,2,124,86347.1454,115737.3213,21538
10594,1100,130,11.8181818182,196,17.8181818182,,30,110168.664,138952.8494,5038
10595,1079,94,8.7117701576,184,17.0528266914,,37,88431.898,107036.9024,7552
10596,,,,,,,6,85121,100936,778
10597,,,,,,,4,162875,226377,920
10598,1996,234,11.7234468938,321,16.0821643287,,80,107925.4671,130656.2959,29337
10601,,,,,,1,156,57211.5188,79186.5258,9319
10603,,,,,,,40,84012.3518,107929.8146,15421
10604,,,,,,,36,87092.3429,131236.8533,10782
10605,2346,457,19.4799658994,342,14.5780051151,,46,113684.2425,145134.2598,17347
10606,,,,,,1,48,63803.3158,91931.3315,15706
10607,,,,,,,37,99336.9817,119663.5712,6924
10610,,,,,,,2,,,
10695,,,,,,1,,,,
10701,8284,1636,19.7489135683,1190,14.365041043,1,132,44416.5597,56331.2871,61035
10702,,,,,,,1,,,
10703,,,,,,,35,54744.9249,68860.6288,20903
10704,,,,,,,124,63087.1485,74430.3505,30497
10705,,,,,,1,68,36093.9654,48376.0427,27216
10706,1125,76,6.7555555556,156,13.8666666667,2,29,138152.0298,183466.5897,8664
10707,534,94,17.6029962547,78,14.606741573,,35,97930.7182,128238.9237,9712
10708,,,,,,1,57,127636.9339,201445.4252,21427
10709,1593,202,12.6804770873,216,13.5593220339,,26,96536.2003,136311.2937,8888
10710,,,,,,,102,80117.5251,93641.5847,25538
10801,7231,1528,21.1312404923,1242,17.1760475729,2,187,58706.578,80357.7318,36356
10802,,,,,,,3,,,
10803,1693,189,11.1636148848,200,11.8133490845,,45,137572.2318,218224.9077,11892
10804,,,,,,,40,158923.7624,225004.7512,14322
10805,,,,,,,48,29677.0767,41906.0257,11633
10901,,,,,,1,72,86843.4561,113902.6468,22177
10910,,,,,,,4,78571,125222,42
10911,,,,,,,12,,,
10912,,,,,,,1,,,
10913,2619,470,17.9457808324,490,18.7094310806,,24,106055.1068,122840.7854,5149
10914,,,,,,,3,82100,91315,452
10915,,,,,,,1,82773,94400,113
10916,,,,,,,6,105269.229,116636.4474,3887
10917,3406,504,14.7974163241,480,14.0927774516,,35,103897,122911,1720
10918,540,68,12.5925925926,68,12.5925925926,1,39,88168.18,96443.7384,11572
10919,,,,,,,8,76795.8794,91304.8541,783
10920,,,,,,,32,95165.5624,112377.1978,8649
10921,367,64,17.4386920981,64,17.4386920981,1,19,84742.1729,98913.1689,3804
10922,,,,,,,8,75547,80086,1480
10923,4764,890,18.6817800168,748,15.7010915197,,20,80267.1143,95185.1436,8256
10924,1556,182,11.6966580977,240,15.4241645244,1,50,84648.575,96934.6379,12319
10925,,,,,,,23,74809,87065,4870
10926,,,,,,,9,84067.4986,100623.6679,2901
10927,,,,,,1,41,46498.7732,64351.4346,10121
10928,,,,,,1,24,66151.0804,72944.3439,3881
10930,,,,,,,7,104131.4665,119779.2976,7253
10931,3219,370,11.4942528736,586,18.2044113079,,4,87256.892,109166.2928,1045
10932,,,,,,,,76397,84642,49
10933,,,,,,,,85941,95410,389
10940,2686,636,23.6783320923,462,17.2002978407,1,202,57731.017,69069.8915,42813
10941,,,,,,,35,67488.4292,80138.9258,12765
10949,,,,,,,5,,,
10950,,,,,,1,93,65250.8843,79973.9233,38803
10952,,,,,,,64,66192.7096,90002.3366,31623
10953,,,,,,,,66650,101518,248
10954,1139,226,19.8419666374,174,15.2765583845,,85,93219.2738,106607.6378,22066
10956,4134,578,13.9816158684,622,15.045960329,,95,114523.2715,138475.808,32030
10958,,,,,,,3,100108.1195,105057.5441,2916
10960,1320,252,19.0909090909,180,13.6363636364,2,88,78144.5666,107534.1526,14569
10962,,,,,,,33,117728.1796,134732.693,5329
10963,,,,,,,9,76427,86709,4195
10964,,,,,,1,5,79958,108530,1384
10965,1549,186,12.0077469335,264,17.0432537121,,67,103487.4907,125374.394,14569
10968,,,,,,1,22,92045,129291,2408
10969,,,,,,1,6,80186,89346,1195
10970,,,,,,1,33,89426.0718,107337.5855,9366
10973,1335,237,17.7528089888,241,18.0524344569,,9,95946.224,103078.6496,2016
10974,,,,,,,16,87352.924,100575.808,3048
10975,,,,,,,,78571,125222,359
10976,,,,,,,11,87985.864,119907.236,2001
10977,3645,840,23.0452674897,644,17.6680384088,1,151,67394.1495,81480.9424,48755
10979,,,,,,,2,74809,87065,264
10980,,,,,,1,37,66696.4888,70878.7413,9534
10981,,,,,,,4,,,
10982,,,,,,,8,,,
10983,,,,,,,22,91703.1731,109710.1206,5646
10984,,,,,,,8,105625,123510,2815
10985,,,,,,,,82773,94400,57
10986,,,,,,,3,,,
10987,,,,,,1,46,78461.902,124115.447,3003
10988,,,,,,,2,85941,95410,751
10989,,,,,,,21,85641.6547,103414.4829,9345
10990,1085,102,9.400921659,150,13.8248847926,1,75,91662.2756,106921.1437,19282
10992,2635,506,19.2030360531,358,13.5863377609,,25,89904.3856,89763.6472,8880
10993,,,,,,,25,54507.8906,72676.1248,4710
10994,,,,,,,81,106989.2042,134225.3928,7246
10996,,,,,,,,92841,126289,7122
10998,,,,,,,3,86131.674,95486.398,2453
11000,,,,,,,1,,,
11001,,,,,,,46,96704.5377,111212.712,26707
11002,,,,,,,1,,,
11003,,,,,,1,95,78862.7371,91207.8891,40973
11004,,,,,,,,75303.738,84521.7605,13390
11005,,,,,,,,57104,101012,2195
11010,,,,,,,70,82519.1491,96236.5417,23829
11020,3374,256,7.5874333136,472,13.9893301719,,18,117295.2436,166436.845,5733
11021,,,,,,1,64,100154.0824,150972.276,17512
11022,,,,,,,1,,,
11023,,,,,,,26,93124.8713,141564.9626,8593
11024,,,,,,,12,121654.721,190653.476,7993
11030,1826,158,8.6527929901,204,11.1719605696,,55,169390.2851,243352.7844,17033
11040,1923,232,12.0644825793,272,14.1445657826,1,98,98762.4917,116894.043,39784
11042,,,,,,,14,144293,222478,514
11043,,,,,,,1,,,
11050,2845,439,15.4305799649,390,13.7082601054,1,122,114601.8098,163838.7882,28714
11081,,,,,,,1,,,
11096,,,,,,,18,55025.568,68940.996,7976
11101,,,,,,1,1,39955.099,51519.3212,22556
11102,,,,,,,,48399.4866,61244.8968,35943
11103,,,,,,,,52494.8702,66421.0536,44730
11104,,,,,,1,,50944.0617,61197.7955,29376
11105,,,,,,,,54570.0826,68394.8123,42375
11106,,,,,,2,,44030.5142,56437.4173,40963
11109,,,,,,,,117750,151032,843
11111,,,,,,,5,,,
11150,,,,,,,1,,,
11158,,,,,,,1,,,
11201,,,,,,2,1,92174.8101,140857.9804,48101
11203,,,,,,2,,47788.2901,60025.2785,78886
11204,,,,,,,,42763.549,58961.3319,74185
11205,,,,,,1,,42903.7942,57436.724,35648
11206,,,,,,2,,26439.5376,38579.5696,69454
11207,,,,,,2,,34729.0604,44634.0699,87324
11208,,,,,,2,,33875.818,44514.588,84692
11209,,,,,,1,,56906.5301,78504.7606,69646
11210,,,,,,,,55000.8962,69161.936,67349
11211,,,,,,3,,37632.4577,52060.9141,84434
11212,,,,,,5,,27911.2921,37845.6579,85400
11213,,,,,,1,,35084.8797,46614.3775,65932
11214,,,,,,1,,35963.5161,48902.3504,78896
11215,,,,,,4,,81331.0535,109383.9243,59307
11216,,,,,,2,,37290.3205,52038.2363,55021
11217,,,,,,1,,72610.5963,102949.5131,35641
11218,,,,,,1,,48010.6089,61311.5804,75418
11219,,,,,,1,,34969.9857,50736.5471,85825
11220,,,,,,1,,37030.1129,50270.5076,92398
11221,,,,,,2,,34005.1582,46669.9113,75020
11222,,,,,,2,,54366.9033,69808.6353,40003
11223,,,,,,,,39420.9802,53995.6663,74659
11224,,,,,,1,,34958.4279,45362.8356,49491
11225,,,,,,,,39782.409,52484.8359,61858
11226,,,,,,1,,38763.3706,49672.5306,106461
11228,,,,,,,,55200.2725,73658.3837,40169
11229,,,,,,,,49910.6032,63752.1411,80407
11230,,,,,,,,47496.1618,64348.0001,88449
11231,,,,,,1,,73074.9877,95031.0349,33174
11232,,,,,,,,34807.855,45833.5755,22177
11233,,,,,,1,,35422.5954,45326.9526,63541
11234,,,,,,,,67952.9473,77076.9976,81033
11235,,,,,,1,,44729.671,60543.4611,79197
11236,,,,,,,,59567.5509,69801.3086,94098
11237,,,,,,3,,35354.7791,43843.8726,48837
11238,,,,,,1,,61468.5107,79249.3305,49085
11239,,,,,,,,24882.1176,33974.7284,14621
11301,,,,,,,1,,,
11350,,,,,,,1,,,
11354,,,,,,,,50019.4132,63008.7787,54286
11355,,,,,,1,1,38623.9557,50392.9258,74434
11356,,,,,,,,67807.8323,80098.4197,20443
11357,,,,,,,1,74096.6311,89656.8591,39650
11358,,,,,,,,66312.1712,80188.7795,37044
11360,,,,,,,,72853.7515,92444.6694,18363
11361,,,,,,,2,70983.2093,84895.5484,28648
11362,,,,,,,,74826.6041,89962.6059,17509
11363,,,,,,,,92955.3212,118589.1132,6849
11364,,,,,,,,65776.5025,77366.7885,32272
11365,,,,,,1,,61097.32,73176.9635,37503
11366,,,,,,,,76377.4039,93826.2191,13795
11367,,,,,,,,53564.6755,67846.4708,39791
11368,,,,,,1,,43962.6552,54259.4037,95662
11369,,,,,,,,54732.4966,65142.6645,37429
11370,,,,,,,,37573.9334,49034.4878,28920
11372,,,,,,1,3,48149.0729,58610.2188,70946
11373,,,,,,1,,44301.174,56732.7671,99884
11374,,,,,,,,49707.9331,65129.5937,39224
11375,,,,,,1,,69446.0737,89704.2477,70142
11377,,,,,,,,49978.8076,60262.6681,87015
11378,,,,,,,,59362.7033,68915.0458,33487
11379,,,,,,,,61824.3232,76167.0077,33886
11385,,,,,,2,,47469.8714,57794.7135,95262
11411,,,,,,,,69131.5808,79342.336,17909
11412,,,,,,,,67395.5987,77263.7438,36433
11413,,,,,,,,77058.1467,84085.1138,39571
11414,,,,,,,,70964.8067,84305.5087,28120
11415,,,,,,,,55983.3512,70069.1331,19423
11416,,,,,,,,46712.5556,58913.822,21053
11417,,,,,,,,56102.9338,66183.1157,28748
11418,,,,,,,,57063.3834,66711.6469,36587
11419,,,,,,,,49705.3095,59641.8032,44065
11420,,,,,,,,55055.5659,66550.7443,41750
11421,,,,,,,,55093.7928,66525.3233,37664
11422,,,,,,,1,68822.9027,76688.5883,26308
11423,,,,,,,,64756.1233,79561.114,31575
11424,,,,,,,,61900,74277,467
11425,,,,,,,,70284,73553,26
11426,,,,,,,,74452.1944,87041.2389,17445
11427,,,,,,,,57224.3848,67493.9428,21275
11428,,,,,,,,71126.5564,85683.6821,20923
11429,,,,,,,,72714.1372,82272.7741,27816
11430,,,,,,,,50483.3,54620.468,197
11432,,,,,,2,,50291.2065,64694.3772,54915
11433,,,,,,,,41780.0631,54771.0096,28391
11434,,,,,,,,51640.5104,59039.1065,52603
11435,,,,,,,,44721.7965,52869.8387,47317
11436,,,,,,,,62297.1561,69595.4619,18291
11501,1740,314,18.0459770115,308,17.7011494253,,91,78422.7357,90983.3234,19466
11505,,,,,,,1,,,
11507,,,,,,,16,103383.8048,138519.3598,7526
11509,,,,,,,15,106773,149930,2852
11510,2645,482,18.2230623819,442,16.7107750473,1,74,99077.2476,110669.9613,32552
11514,963,148,15.3686396677,150,15.5763239875,,52,84511,93244,4904
11516,,,,,,,33,93264.1442,121947.0192,6997
11517,,,,,,,1,,,
11518,893,158,17.6931690929,176,19.7088465845,,33,89714.9155,104191.3025,11158
11520,4546,1053,23.1632204136,898,19.7536295645,1,126,68767.7975,86328.4455,44329
11526,,,,,,,1,,,
11530,2630,274,10.4182509506,324,12.319391635,1,149,127418.4493,187098.0636,26753
11542,1777,408,22.9600450197,290,16.3196398424,,105,77618.4334,102383.9992,27205
11545,,,,,,,45,152909.0299,228119.4806,12081
11547,,,,,,,1,114409.0368,141451.8388,644
11548,,,,,,,32,213520.235,316061.5786,2445
11549,,,,,,,5,,,
11550,3750,1250,33.3333333333,660,17.6,1,165,57385.252,69315.2553,58967
11552,1404,228,16.2393162393,248,17.6638176638,,66,93065.3843,110130.9488,23354
11553,4036,1192,29.5341922696,734,18.1863230922,,121,71092.8226,81498.6664,23540
11554,,,,,,,107,87598.167,98758.5002,37455
11555,,,,,,,2,,,
11556,,,,,,,2,73445,83012,13
11557,,,,,,,37,113487.1765,154468.6971,8053
11558,,,,,,,38,85182.7741,100774.4161,8553
11559,1043,162,15.5321188878,170,16.2991371045,,37,112232.7605,152353.0813,8100
11560,1358,190,13.9911634757,180,13.2547864507,1,35,102206.253,180639.7454,6812
11561,2646,296,11.186696901,464,17.5359032502,2,104,85039.0011,104803.6703,39648
11563,1666,170,10.2040816327,222,13.3253301321,,88,87861.1118,99384.3546,23227
11565,973,202,20.7605344296,190,19.5272353546,1,22,115184.1002,126075.8382,9088
11566,,,,,,1,108,120360.1727,136668.8701,35616
11568,5243,1271,24.2418462712,844,16.0976540149,,31,195603.5405,350580.239,3995
11569,,,,,,,16,112545,160280,1502
11570,2549,352,13.8093369949,372,14.5939584151,1,112,112071.3515,144505.8626,27303
11571,,,,,,,3,,,
11572,2578,385,14.9340574088,414,16.0589604344,,96,97595.5095,111622.8171,31236
11575,1834,468,25.5179934569,300,16.3576881134,1,30,67576.2876,79362.6506,15785
11576,1746,166,9.5074455899,232,13.2875143184,,47,156674.4419,235578.7314,12885
11577,,,,,,1,37,131919.3969,163808.7034,11274
11579,1735,174,10.0288184438,258,14.8703170029,,21,99100.8146,127226.8542,5148
11580,,,,,,,89,85371.6072,97785.7634,37887
11581,,,,,,,45,93231.165,104291.4815,20192
11582,,,,,,,3,,,
11590,3026,470,15.5320555188,534,17.6470588235,1,154,87976.935,101421.901,42593
11596,,,,,,,45,108681.7696,133563.4307,10492
11598,2364,358,15.1438240271,408,17.2588832487,,25,131334.806,180669.8672,13170
11599,,,,,,,1,,,
11691,,,,,,1,1,35645.3949,51204.389,54005
11692,,,,,,2,,42385.4913,53663.5965,15850
11693,,,,,,,,54873.713,65333.225,11120
11694,,,,,,,,75157.2154,89574.9242,19299
11696,,,,,,,7,,,
11697,,,,,,,,82290.534,101499.855,4206
11701,2122,538,25.3534401508,430,20.2639019793,,2,65926.6088,81012.3993,25654
11702,1016,140,13.7795275591,156,15.3543307087,1,,95476.7434,116529.4915,15125
11703,2916,564,19.341563786,478,16.3923182442,,,82421.4878,90997.3854,16656
11704,2506,480,19.1540303272,368,14.6847565842,,,79200.4947,87881.7357,40355
11705,1695,232,13.6873156342,274,16.1651917404,,,92356.3504,101900.85,8237
11706,,,,,,,,74856.0142,88722.1437,59946
11709,,,,,,,17,84099.8856,116288.948,7134
11710,,,,,,,99,107780.7397,121845.9456,34790
11713,,,,,,2,,77828.8708,93247.1668,8743
11714,2031,288,14.1802067947,330,16.2481536189,,64,87906.3964,107529.1483,22950
11715,,,,,,,,89807.9461,98329.3851,4591
11716,4881,758,15.5296045892,814,16.6769104692,,1,95943.5638,106568.4028,10434
11717,12075,3570,29.5652173913,2432,20.1407867495,,,70191.4625,79045.6549,51889
11718,,,,,,,,124722,140354,3248
11719,,,,,,,,82187.9178,92651.1214,3337
11720,6630,1206,18.1900452489,1200,18.0995475113,,,91188.5941,101569.4664,27633
11721,,,,,,,,102307.9962,128460.7884,6254
11722,3141,916,29.1626870423,598,19.0385227635,,,69656.7748,77956.6348,32268
11724,1454,96,6.6024759285,186,12.7922971114,,3,139282.8882,199745.642,3109
11725,,,,,,1,,107563.6292,124879.2474,29570
11726,3339,616,18.4486373166,760,22.7613057802,,,70309.6232,80679.6135,18376
11727,,,,,,,,79879.6073,93184.1332,26192
11729,2272,355,15.625,364,16.0211267606,1,,79371.2015,87394.7998,27852
11730,,,,,,,,91841.8339,126755.8812,14798
11731,5889,716,12.1582611649,928,15.7581932416,,2,100243.6692,115414.2429,30489
11732,,,,,,,20,118206.06,147944.4959,3539
11733,,,,,,,,125382.7043,153051.7043,17976
11735,3492,510,14.6048109966,542,15.5211912944,1,81,88756.7866,103542.6285,32358
11738,,,,,,,,82334.8983,93651.9049,17439
11739,,,,,,,,173438,183585,1256
11740,1975,184,9.3164556962,334,16.9113924051,,,92303.6733,115900.87,9227
11741,9139,1732,18.9517452675,1540,16.8508589561,,,95240.9587,102911.3085,28352
11742,,,,,,,,84777.36,97119.3823,11697
11743,,,,,,1,,119062.3294,162373.6335,41964
11746,2859,486,16.9989506821,456,15.9496327387,1,,105002.2718,128444.2792,63286
11747,,,,,,,1,108881.2321,146664.3986,16103
11749,,,,,,,,91497.1521,91445.3032,3047
11750,,,,,,,1,,,
11751,2142,416,19.421101774,378,17.6470588235,1,,90014.9996,99026.6857,15107
11752,2727,414,15.1815181518,398,14.5947928126,,1,87162.472,97839.0932,10013
11753,1962,200,10.1936799185,282,14.373088685,,39,142621.2829,185686.2407,11670
11754,2761,400,14.4875045273,442,16.0086925027,1,1,92734.6465,106377.8402,18983
11755,,,,,,,,90611.8227,106684.1597,11333
11756,1848,300,16.2337662338,318,17.2077922078,,72,91413.2547,103558.7113,44007
11757,3950,770,19.4936708861,702,17.7721518987,,1,83838.159,94303.7394,46552
11758,4668,536,11.4824335904,688,14.7386461011,,127,106935.2582,119730.7216,56207
11761,,,,,,,1,,,
11762,,,,,,,50,105851.8188,123073.3594,23056
11763,,,,,,,,86519.3463,91627.9198,24866
11764,1996,278,13.9278557114,292,14.629258517,,,111468.3215,126437.7774,11116
11765,,,,,,,2,131250,285080,567
11766,1627,196,12.0467117394,230,14.1364474493,,,112406.4745,130622.0732,9613
11767,,,,,,1,,107042.522,116834.2205,13725
11768,3673,408,11.1080860332,490,13.3405935203,,1,114683.2802,156116.1657,22039
11769,,,,,,,,85270.989,101549.3233,9727
11770,,,,,,,,62031,128906,161
11771,1040,121,11.6346153846,126,12.1153846154,,52,121983.7179,182848.2482,10076
11772,2874,510,17.745302714,474,16.4926931106,1,,66823.3895,75767.4713,42071
11776,2364,440,18.6125211506,416,17.5972927242,1,,82520.5252,97877.9482,22269
11777,580,49,8.4482758621,88,15.1724137931,,,101591.294,130958.1365,9054
11778,2079,300,14.43001443,294,14.1414141414,1,,78939.6079,86453.1315,11738
11779,8948,1576,17.6128743853,1572,17.5681716585,,,85987.2133,95607.9087,38425
11780,,,,,,,,104936.4529,130940.2505,15422
11782,1694,202,11.9244391972,264,15.5844155844,,,97017.5361,109006.864,15721
11783,1762,272,15.4370034052,340,19.2962542565,1,49,102422.3858,117033.0361,22063
11784,,,,,,,,73739.882,82513.1812,25049
11786,1860,206,11.0752688172,284,15.2688172043,,,112173.7014,122637.6585,5933
11787,5648,622,11.0127478754,756,13.3852691218,,,110137.062,130812.7102,34277
11788,2148,214,9.9627560521,306,14.2458100559,1,,97670.9687,113159.8663,16528
11789,,,,,,,,80796.8048,95044.8204,7345
11790,5355,522,9.7478991597,776,14.4911297852,,,108211.7182,121840.245,17609
11791,3509,274,7.808492448,514,14.6480478769,,90,136222.8328,181354.3802,24735
11792,,,,,,,2,104157.8256,111925.0836,7511
11793,2211,270,12.2116689281,354,16.0108548168,,102,105568.0258,121682.3493,32494
11794,,,,,,,,60167,51568,3200
11795,2923,312,10.6739651043,448,15.3267191242,,,99994.201,118972.4521,27089
11796,,,,,,,,88052.6108,97094.3109,3865
11797,,,,,,,43,139208.8073,190162.8044,9111
11798,1166,220,18.8679245283,182,15.6089193825,1,,67938.3496,75149.2911,14796
11801,2853,470,16.4738871363,380,13.3193130039,,144,86200.7507,103355.6569,39393
11803,3327,364,10.9407874962,472,14.1869552149,,98,116390.6501,137076.5808,27719
11804,,,,,,,7,109050,133622,4942
11901,2542,630,24.7836349331,358,14.0833988985,3,,58528.2758,73673.1433,22490
11920,,,,,,,1,,,
11930,,,,,,,,72175,90684,1299
11931,,,,,,,,77663,89576,180
11932,,,,,,,,94588.698,162762.714,1417
11933,,,,,,,,79401.6094,92800.8325,5970
11934,1059,168,15.8640226629,157,14.8253068933,,,76051.5976,98045.0646,6548
11935,970,106,10.9278350515,118,12.1649484536,,,78765.5425,102632.97,3383
11937,551,124,22.5045372051,82,14.8820326679,1,,79892.8717,129902.2358,13215
11939,,,,,,,,66193,93668,776
11940,533,84,15.7598499062,74,13.8836772983,,,90241.0363,126445.7226,4382
11941,,,,,,,,79351.7814,107783.7975,1568
11942,,,,,,,,81471.6237,111984.724,3985
11944,284,98,34.5070422535,40,14.0845070423,1,,56250.0707,82387.346,3663
11946,1379,280,20.3045685279,210,15.2284263959,1,,63450.4571,83583.8383,12798
11947,,,,,,,,77663,89576,309
11948,,,,,,,,90243.4035,101532.385,803
11949,2302,357,15.5082536924,354,15.3779322328,,,86594.5512,105474.8644,11362
11950,,,,,,,,76802.119,81840.3334,14834
11951,6962,1692,24.3033611031,1220,17.5237000862,,,70904.6052,71327.9272,12865
11952,,,,,,,,90734.1537,102131.6068,4559
11953,5772,1268,21.9681219681,1030,17.8447678448,,,65320.1607,75870.3236,12191
11954,,,,,,1,,69917.6774,92271.5236,3844
11955,,,,,,,,69802.8052,85751.365,2672
11956,,,,,,,,78359,102650,328
11957,,,,,,,,66193,93668,709
11958,,,,,,,,77933.2624,102206.5043,543
11959,,,,,,,,83144.1864,107260.6078,1022
11960,,,,,,,,75522,103774,1144
11961,,,,,,,,68939.0754,80860.1896,12389
11962,,,,,,,,94770,163919,445
11963,638,67,10.5015673981,86,13.4796238245,1,,91015.5894,156503.252,6644
11964,,,,,,,,71384,93973,1736
11965,,,,,,,,71384,93973,489
11967,,,,,,,,82569.7749,86509.8901,24613
11968,,,,,,,,74487.3198,154825.379,11830
11970,,,,,,,,77663,89576,473
11971,567,59,10.405643739,72,12.6984126984,,,70996.5185,95009.3253,5577
11972,,,,,,,,75353.151,107626.648,1126
11975,,,,,,,,93111.5162,168344.0788,394
11976,,,,,,,,89905.484,147241.0736,1955
11977,,,,,,,,97953.8624,129727.8064,2408
11978,1070,136,12.7102803738,212,19.8130841121,,,82515.817,127980.2403,3421
11980,,,,,,,,84579.2768,89629.8211,4305
12005,,,,,,,1,,,
12007,,,,,,,,68165,73708,89
12008,,,,,,,2,71667,80919,424
12009,,,,,,1,23,68447.809,84139.5857,7459
12010,2432,238,9.7861842105,264,10.8552631579,1,107,42485.3081,53633.0032,25949
12015,,,,,,,6,4809.5047,6417.9379,277
12017,,,,,,,,66723.1949,96400.2414,382
12018,1972,338,17.139959432,300,15.2129817444,,17,70812.5018,80223.9926,7393
12019,,,,,,,9,84968.6372,97506.1269,13358
12020,2070,294,14.2028985507,330,15.9420289855,2,90,57471.6637,65897.9412,24363
12022,663,116,17.4962292609,130,19.6078431373,,3,57321,62944,1008
12023,558,112,20.0716845878,75,13.4408602151,,4,64864.9956,71716.1834,2119
12024,,,,,,,,75954,113441,23
12025,651,138,21.198156682,74,11.3671274962,,22,53759.855,74574.0366,5312
12027,,,,,,1,13,75086.8658,82190.8703,3528
12028,,,,,,,1,55629.245,65791.0307,1307
12029,,,,,,,5,72991.8418,96504.147,1368
12031,,,,,,,2,,,
12032,,,,,,,11,50697.9785,61631.8964,956
12033,668,96,14.371257485,96,14.371257485,,22,77276.4501,84714.9586,7828
12035,,,,,,,1,49932.014,64200.752,672
12036,,,,,,,,44734.2985,52812.899,267
12037,688,106,15.4069767442,132,19.1860465116,,21,61861.3428,91310.0734,3781
12040,,,,,,,,57321,62944,84
12041,,,,,,,1,67785,103358,412
12042,,,,,,,1,49989.3666,63422.9514,285
12043,1295,250,19.305019305,213,16.4478764479,1,42,23043.3316,32418.8503,4619
12045,,,,,,,1,68165,73708,752
12046,,,,,,,,67693.0239,73542.216,920
12047,1184,288,24.3243243243,188,15.8783783784,3,62,47340.7802,57002.7084,18181
12050,,,,,,,2,,,
12051,1083,214,19.7599261311,186,17.1745152355,1,15,40500.7372,48368.4219,5365
12052,,,,,,,4,65531.8367,72011.7119,1368
12053,537,74,13.7802607076,76,14.1527001862,,5,72748.8253,79322.0545,4366
12054,3105,416,13.3977455717,414,13.3333333333,2,40,89452.9888,105318.4037,15554
12056,,,,,,,9,76634.074,82681.9855,2171
12057,,,,,,,3,44286.1202,53605.0969,1842
12058,,,,,,,3,49232.8628,67619.9871,1397
12059,,,,,,,2,65996.1531,72010.0188,1703
12060,,,,,,,3,69241.1649,93021.3473,1391
12061,3021,476,15.7563720622,518,17.1466401854,,25,76605.7618,89233.5197,8223
12062,,,,,,,,61042.2846,74444.0214,1736
12063,,,,,,,,63234,75226,330
12064,,,,,,,,43733.233,51378.422,530
12065,5685,458,8.0562884785,906,15.9366754617,1,126,74934.7544,90235.036,38743
12066,,,,,,,3,57982.7379,69626.3493,2244
12067,,,,,,,3,69404.3384,99845.7812,1675
12068,973,174,17.8828365879,166,17.0606372045,,10,50376.9444,61838.7621,3277
12069,,,,,,,,53873,63263,245
12070,,,,,,,1,54988.242,68531.334,1477
12071,,,,,,,1,47545,55838,254
12072,,,,,,,9,54670.4,65606.47,2499
12074,406,84,20.6896551724,62,15.2709359606,1,9,67455.557,80517.469,2973
12075,,,,,,,6,51161.8032,75655.2956,3252
12076,,,,,,,6,51808.021,60349.2851,1378
12077,,,,,,,40,82111.5676,94696.4202,5982
12078,1194,224,18.7604690117,216,18.0904522613,1,73,39631.5953,49695.8481,23612
12080,,,,,,,1,,,
12082,,,,,,,1,,,
12083,810,172,21.2345679012,112,13.8271604938,,23,51357.2253,60077.9539,3419
12084,3083,466,15.1151475835,422,13.6879662666,,22,84843.9884,95623.7201,3956
12085,2948,386,13.0936227951,384,13.02578019,,8,63219,79047,219
12086,,,,,,,9,58261.8293,69852.4666,1870
12087,,,,,,,2,57746.77,69936.4366,1025
12089,,,,,,,2,56188,61939,77
12090,500,128,25.6,102,20.4,,21,49058.7886,60099.0548,6075
12092,,,,,,,3,46012.3954,61221.9874,1265
12093,190,44,23.1578947368,24,12.6315789474,,6,47590.1371,54964.0551,1499
12094,,,,,,,,56948.7051,71153.9384,2155
12095,,,,,,1,69,46266.942,58283.6296,12776
12106,,,,,,1,4,60179.5501,74511.4288,2263
12108,,,,,,1,4,44048,69704,480
12110,3304,450,13.6198547215,488,14.7699757869,,151,74236.835,90547.01,20543
12115,,,,,,,,75954,113441,221
12116,,,,,,,1,44214.159,53817.8886,1822
12117,510,128,25.0980392157,46,9.0196078431,,15,45955.0147,54146.8779,3310
12118,894,202,22.5950782998,170,19.0156599553,,26,58014.8054,68626.8425,11643
12120,,,,,,,,61628.3313,66981.1043,616
12121,,,,,,,,65702.1614,74543.4822,1903
12122,,,,,,,14,55065.4362,64134.2147,4396
12123,,,,,,,7,58220.7172,71482.3147,5168
12124,,,,,,,1,56094,69468,627
12125,289,45,15.5709342561,33,11.4186851211,1,15,59688,74234,1391
12130,,,,,,,2,75433,87645,976
12131,,,,,,,1,47545,55838,117
12132,,,,,,,,75954,113441,388
12133,,,,,,,1,,,
12134,,,,,,1,28,47133.5742,55274.5697,3709
12135,,,,,,,1,,,
12136,,,,,,,2,75934.3888,113265.6297,841
12137,,,,,,,7,69406.13,77047.2369,1750
12138,,,,,,,1,56465.5604,63572.3238,3180
12139,,,,,,,2,44048,69704,274
12140,,,,,,,1,78045,78198,1654
12141,,,,,,,1,,,
12143,1337,278,20.7928197457,248,18.5489902767,,30,57697.7096,66551.6353,5252
12144,456,120,26.3157894737,30,6.5789473684,2,61,59476.777,70710.4652,18277
12147,,,,,,,3,62737.6561,68070.9021,549
12148,,,,,,,7,99305.8858,107514.7513,3175
12149,,,,,,,8,44629.5595,52724.4593,2248
12150,,,,,,,6,56042,70548,759
12151,,,,,,,3,70492.9333,84490.6284,707
12153,,,,,,,1,67481.3472,76898.1214,763
12154,559,100,17.8890876565,101,18.0679785331,,9,70630.4504,76250.393,2710
12155,,,,,,,4,41541.3125,49132.7827,1748
12156,,,,,,,,78978.6818,87686.8948,827
12157,403,102,25.3101736973,61,15.1364764268,,12,56295.0548,69473.2868,4041
12158,1223,256,20.9321340965,232,18.9697465249,,6,79793.9763,89751.3844,6043
12159,,,,,,,18,83622.2667,100973.1555,7267
12160,,,,,,,,24429.0441,31409.9688,391
12161,,,,,,,,90136,104261,132
12164,,,,,,1,21,44048,69704,393
12165,,,,,,,1,66413,96306,156
12166,,,,,,,2,54269.8012,64961.5117,1421
12167,294,63,21.4285714286,48,16.3265306122,1,15,30899.1622,34595.8125,1481
12168,,,,,,,5,63717.855,71874.125,2002
12169,,,,,,,,63107.3437,72566.6756,312
12170,765,148,19.3464052288,116,15.1633986928,,7,66138.5916,76026.436,5183
12172,,,,,,,,51250,61285,412
12173,,,,,,,1,52586.289,67604.174,1801
12174,,,,,,,1,53264,70809,358
12175,,,,,,,1,45878.3875,54086.3109,871
12176,,,,,,,,43058.4764,53812.849,166
12177,,,,,,,1,52174.3992,62174.1624,488
12180,1738,234,13.4637514384,244,14.0391254315,17,217,43270.1477,56553.696,52373
12181,,,,,,,1,,,
12182,1280,289,22.578125,230,17.96875,1,35,34650.7807,42860.4467,9901
12183,,,,,,,9,51417,57344,2281
12184,1045,152,14.5454545455,208,19.9043062201,,26,72879.2313,90121.9124,7062
12185,,,,,,,1,57209.5046,71409.0987,2207
12186,709,84,11.8476727786,118,16.6431593794,1,17,75527.2281,96584.1589,6260
12187,,,,,,,1,44479.5377,54901.2952,646
12188,550,116,21.0909090909,95,17.2727272727,1,18,62861.9429,72914.11,10768
12189,930,260,27.9569892473,182,19.5698924731,,53,51611.658,61486.1094,16593
12190,,,,,,,6,49231,63180,737
12192,,,,,,,15,54888.6236,67901.9397,1773
12193,,,,,,,1,64791.9768,71007.9744,2056
12194,,,,,,,,47545,55838,161
12195,,,,,,,2,59688,74234,228
12196,,,,,,,9,73423.5187,85710.6577,2754
12197,219,48,21.9178082192,21,9.5890410959,,7,44185.9579,52463.9427,2297
12198,,,,,,,14,69252.0072,79794.3203,7199
12201,,,,,,,1,,,
12202,,,,,,2,57,30073.7523,40534.2229,9909
12203,,,,,,2,128,52240.3287,65317.7229,33802
12204,214,52,24.2990654206,40,18.691588785,2,28,52329.5086,74572.8138,6838
12205,3031,444,14.6486308149,486,16.0343121082,,209,62986.3322,78551.3691,28240
12206,,,,,,2,104,29383.5724,39183.3005,16207
12207,2646,605,22.8647014361,494,18.6696900983,3,78,21287.1,28874.3624,1985
12208,,,,,,1,80,51134.3487,65533.5875,21154
12209,,,,,,1,27,55024.2831,61516.225,9730
12210,,,,,,4,89,30597.6157,43875.9712,9778
12211,,,,,,1,51,75955.336,97673.5195,10791
12212,,,,,,,1,,,
12213,,,,,,1,,,,
12222,,,,,,,1,69271,77839,4
12223,,,,,,,2,,,
12224,,,,,,,1,,,
12226,,,,,,,2,,,
12239,,,,,,,1,,,
12242,,,,,,,2,,,
12288,,,,,,,1,,,
12301,,,,,,,1,,,
12302,1690,322,19.0532544379,246,14.5562130178,,84,70227.6915,77682.7877,26706
12303,7448,1668,22.395273899,1234,16.5682062299,,81,63694.0012,71258.635,27443
12304,,,,,,3,72,42508.8261,53979.709,20582
12305,,,,,,5,73,29048.7944,35928.5381,6140
12306,1331,210,15.7776108189,252,18.9331329827,1,86,59266.8156,66852.4828,25105
12307,,,,,,2,17,30339.7682,35032.0598,6713
12308,,,,,,,36,45308.3763,55526.8781,13655
12309,2022,276,13.649851632,222,10.9792284866,1,60,85500.2327,103582.8762,28275
12345,,,,,,,5,,,
12401,4055,887,21.8742293465,732,18.0517879162,3,216,50557.8891,63156.3214,35239
12404,1408,270,19.1761363636,220,15.625,,6,60222.0501,68945.1389,3509
12405,,,,,,,4,43149.6812,51232.7392,591
12406,,,,,,,4,45814.1528,54279.2768,842
12407,,,,,,,1,43233,53489,144
12409,,,,,,,2,60089,90820,783
12410,,,,,,,5,45650.689,59712.597,460
12411,,,,,,,,59328.98,68979.38,571
12412,1056,182,17.2348484848,162,15.3409090909,,7,53185.8696,81720.398,605
12413,1081,244,22.571692877,224,20.7215541166,,21,44041.8342,56898.2104,2901
12414,1040,248,23.8461538462,160,15.3846153846,,59,38297.017,54081.6439,9205
12416,,,,,,,,43467,58541,210
12417,,,,,,,2,62875,73425,729
12418,,,,,,,2,49961,56116,522
12419,,,,,,,,65736.4048,77165.0176,694
12420,,,,,,,1,51000,61593,382
12421,,,,,,,,52859.9363,57442.4144,525
12422,,,,,,,1,49961,56116,343
12423,,,,,,,13,49961,56116,970
12424,,,,,,,2,42656,58063,264
12426,,,,,,,2,,,
12427,,,,,,,6,35286,43167,382
12428,1085,246,22.6728110599,284,26.1751152074,,41,42583.0955,49839.839,6704
12429,,,,,,,3,67303,84728,327
12430,,,,,,,7,45113.0981,54301.2098,1052
12431,,,,,,,6,44341.0862,58549.9464,1374
12432,,,,,,,2,54554,76378,379
12433,,,,,,,,63387,78656,509
12434,,,,,,,6,53308,57690,695
12435,,,,,,,8,47813,58208,315
12436,,,,,,,4,35286,43167,624
12438,,,,,,,,45461,53354,104
12439,,,,,,,3,43258.7435,54023.6146,302
12440,,,,,,,8,67414.4065,81921.723,2086
12441,,,,,,,3,47072.4098,57575.9688,123
12442,,,,,,,31,37162.402,46959.5216,974
12443,,,,,,,6,70824.3244,91054.8317,3880
12444,,,,,,,1,42656,58063,529
12446,,,,,,,16,54538.7289,61423.2287,4835
12448,,,,,,,,60089,90820,452
12449,,,,,,,7,51942.8028,67579.3007,3370
12450,,,,,,,1,35286,43167,200
12451,,,,,,,7,40910.1815,59778.6868,1437
12452,,,,,,,,42656,58063,216
12453,,,,,,,3,56336,72364,390
12454,,,,,,,1,43233,53489,294
12455,,,,,,1,16,45253.4862,53657.4505,2174
12456,,,,,,,1,53705,73654,586
12457,,,,,,,7,50272.0468,71756.0226,877
12458,,,,,,,7,50798.2055,59073.8751,3248
12459,,,,,,,,45882.3839,53586.8432,205
12460,,,,,,,3,49961,56116,348
12461,,,,,,,2,53553,82596,1675
12463,,,,,,,5,38445,60104,1564
12464,,,,,,,12,43467,58541,1162
12465,,,,,,,2,48275.1113,60727.1028,318
12466,,,,,,,9,62875,73425,2394
12468,,,,,,,7,44001.8969,54665.6437,1029
12469,,,,,,,1,60515.0561,66308.1527,720
12470,,,,,,,3,42083,50468,510
12471,,,,,,,1,67303,84728,234
12472,,,,,,,13,56997.2035,69160.3664,1552
12473,,,,,,,12,42083,50468,758
12474,236,64,27.1186440678,36,15.2542372881,,11,53308,57690,1174
12475,,,,,,,3,56621.6464,73342.8656,351
12477,738,168,22.7642276423,110,14.9051490515,2,73,55247.2256,71383.8404,19409
12480,,,,,,,4,43835.8203,58735.5269,601
12481,,,,,,,6,53553,82596,1503
12482,,,,,,,1,42289.2,64095.414,743
12483,,,,,,,,50209.1901,61036.6455,332
12484,,,,,,,16,81391.1138,97782.4933,2773
12485,,,,,,,23,35286,43167,780
12486,,,,,,,2,54844,70223,1663
12487,,,,,,,4,66903.1516,83707.3391,3246
12489,,,,,,,,52789.0362,61608.1951,586
12490,,,,,,,,56336,72364,95
12491,,,,,,,3,66124.7045,83057.2584,1715
12492,,,,,,,2,42656,58063,281
12493,,,,,,,3,67303,84728,498
12494,,,,,,,1,53553,82596,817
12495,,,,,,,,60089,90820,272
12496,,,,,,,34,43233,53489,1618
12498,,,,,,,27,60921.1081,86526.5604,5020
12501,612,162,26.4705882353,110,17.9738562092,2,17,46315.9604,70448.6351,2234
12502,,,,,,,5,63827.5446,88555.3737,1055
12503,,,,,,,2,59844,85130,734
12504,,,,,,,3,61250,78492,961
12506,,,,,,,1,,,
12507,,,,,,,,61250,78492,226
12508,1979,348,17.5846387064,320,16.1697827185,1,73,59869.9453,64963.148,19504
12509,,,,,,,1,,,
12510,,,,,,,1,,,
12512,,,,,,,1,70000,92060,166
12513,,,,,,,5,52857,78372,732
12514,,,,,,,1,77190.0553,101915.2313,2791
12515,,,,,,,1,57001.268,69516.944,1381
12516,,,,,,,11,68886.3005,104991.2115,1690
12517,,,,,,,1,68929,105085,421
12518,,,,,,,27,75279.845,94154.9198,5882
12520,1794,252,14.0468227425,270,15.0501672241,,20,83232.67,100218.2774,3193
12521,779,118,15.1476251605,136,17.458279846,,8,63481.7848,93115.0622,1516
12522,785,172,21.9108280255,140,17.8343949045,,17,60821.3744,74118.0238,5244
12523,,,,,,,3,55006.0214,71717.2445,1665
12524,,,,,,,95,69062.2056,78091.3846,11904
12525,,,,,,1,7,79215.8762,94264.3288,3018
12526,370,54,14.5945945946,50,13.5135135135,,5,56051.9859,76084.0043,3597
12527,,,,,,,2,65583,72945,163
12528,1141,218,19.1060473269,160,14.0227870289,1,38,61291.189,77796.6581,12373
12529,,,,,,1,13,54579.1109,92371.9679,2649
12530,,,,,,,,52857,78372,162
12531,,,,,,,10,94978.5377,107908.5863,3411
12533,,,,,,,56,95652.6481,112998.9606,22335
12534,1602,432,26.9662921348,302,18.8514357054,2,109,43949.592,61726.0233,18812
12538,2068,482,23.3075435203,422,20.4061895551,1,47,68602.497,81616.3524,14063
12540,,,,,,,26,89945.8062,106911.9623,7009
12541,,,,,,,1,,,
12542,1073,160,14.9114631873,236,21.9944082013,,19,63863.5513,78158.6447,5468
12543,,,,,,,6,67081.9416,69662.5133,3131
12545,660,124,18.7878787879,108,16.3636363636,,27,62675.7852,95788.0173,4724
12546,,,,,,2,18,57568.7491,70155.1284,3005
12547,,,,,,1,7,63343.847,77674.556,2776
12548,,,,,,,3,55703.4002,67273.2852,1492
12549,1314,282,21.4611872146,250,19.0258751903,,47,74229.7831,83233.8484,8981
12550,5536,1002,18.0997109827,1034,18.6777456647,3,243,55352.454,68517.3404,52212
12552,,,,,,,1,,,
12553,,,,,,,72,72766.5272,82683.0553,22087
12561,1522,204,13.4034165572,252,16.5571616294,1,88,63332.5152,82856.4214,16872
12563,3135,582,18.5645933014,520,16.5869218501,,23,82870.1785,96540.6555,7639
12564,983,116,11.8006103764,156,15.8697863683,1,24,74941.4472,101434.2197,6365
12565,,,,,,1,5,52857,78372,1585
12566,2133,342,16.0337552743,310,14.5335208626,1,27,77388.2319,85040.0149,10103
12567,422,72,17.0616113744,74,17.5355450237,,9,60962.0236,74748.6199,2844
12568,,,,,,,7,,,
12569,,,,,,,16,87411.5298,100171.8414,9396
12570,,,,,,,10,88126.9841,101334.4071,6362
12571,954,130,13.6268343816,162,16.9811320755,,45,72020.0069,88011.3595,11549
12572,600,96,16,72,12,2,64,67658.5015,95402.4317,9390
12574,,,,,,,3,62917,85640,196
12575,,,,,,,3,89613.7229,96766.189,2171
12577,,,,,,,5,83153.2297,94583.6059,2342
12578,,,,,,,4,85523.3737,99917.0999,2241
12580,,,,,,,4,73532.1958,96701.1982,4058
12581,,,,,,,8,67131.5086,86297.5994,2361
12582,,,,,,,5,94916.0613,115812.1451,4049
12583,,,,,,,5,64982.3703,81869.0112,2304
12584,,,,,,,5,,,
12585,,,,,,,3,82278,99885,774
12586,,,,,,1,30,65018.6471,74133.0149,11348
12589,2028,358,17.6528599606,314,15.483234714,,21,72920.6275,82497.3264,13881
12590,4193,663,15.8120677319,696,16.5990937276,,81,77749.174,87929.5372,33400
12592,,,,,,,3,45834.3692,70624.232,1286
12594,,,,,,,12,69057.5189,77504.8141,4047
12601,,,,,,1,200,47532.9475,60335.0029,42242
12602,,,,,,,1,,,
12603,7512,1408,18.743343983,1242,16.5335463259,1,118,79125.1077,90409.6264,40048
12604,,,,,,,3,78448,80617,542
12623,,,,,,,1,,,
12686,,,,,,,1,,,
12701,2029,453,22.3262690981,425,20.9462789552,1,80,33984.8491,47487.6489,11376
12719,,,,,,,12,51121.5784,68520.5596,1076
12720,,,,,,,7,55659.1947,66198.1693,214
12721,,,,,,,13,63712.1334,75558.4274,5779
12722,,,,,,,2,58125,69905,179
12723,,,,,,2,19,54345.6167,66459.2546,1893
12724,,,,,,,1,52182,55567,264
12725,,,,,,,3,29960.4448,37847.4404,170
12726,,,,,,,2,57405.2587,67130.1123,1183
12729,,,,,,,7,47321.0588,61870.9956,1949
12732,500,84,16.8,98,19.6,,7,51415.5328,69092.0632,817
12733,934,210,22.4839400428,150,16.0599571734,,12,47338.7983,56544.3968,1023
12734,,,,,,,15,40169.9907,52758.8944,840
12736,,,,,,,,59650,68640,150
12737,,,,,,,15,48011,62473,1471
12738,,,,,,,,54997.568,68203.2608,345
12740,519,120,23.1213872832,110,21.1946050096,,3,7836.2492,9621.9628,302
12741,,,,,,,1,59650,68640,304
12742,,,,,,,,40440.0552,53078.2888,209
12743,,,,,,,2,51428.176,69116.644,370
12745,,,,,,,,53498.172,65435.5015,156
12746,,,,,,,6,47337.0945,64656.3265,930
12747,,,,,,,5,45286.3377,53715.6873,1727
12748,674,206,30.5637982196,106,15.7270029674,,10,53102.9208,60491.5531,2154
12749,,,,,,,9,43952,48555,394
12750,,,,,,,2,53598,66184,199
12751,,,,,,,8,40625,51938,458
12752,,,,,,,4,57917,67388,177
12753,,,,,,,1,,,
12754,729,154,21.1248285322,144,19.7530864198,1,48,34528.9031,54670.7341,6715
12758,,,,,,,21,49840.0394,62266.7463,4142
12759,,,,,,,16,39992.4996,48027.3726,1751
12760,,,,,,,2,46657.1496,58885.8616,543
12762,,,,,,,3,48411.3776,55283.3712,435
12763,,,,,,,5,47838.0825,60014.9366,872
12764,,,,,,,19,56077.1624,66721.616,1664
12765,,,,,,,1,,,
12766,,,,,,,1,52323.1452,55814.0797,477
12767,,,,,,,,59650,68640,101
12768,,,,,,,9,31233.133,45179.6372,911
12769,,,,,,,,59519,73118,275
12770,,,,,,,2,48011,62473,274
12771,1992,470,23.59437751,328,16.4658634538,,63,49523.4706,65522.5935,13856
12775,,,,,,1,9,61901,76836,1538
12776,,,,,,,17,50437.9833,60893.8917,2166
12777,,,,,,,4,61666.8888,76562.3344,772
12778,,,,,,,1,55638,66187,694
12779,,,,,,,23,48039.4567,55968.0866,1889
12780,,,,,,,2,45682.2092,57257.4127,2255
12781,,,,,,,1,59519,73118,309
12783,,,,,,1,18,48571.0551,56786.2455,1901
12784,,,,,,,,61901,76836,58
12785,,,,,,,2,52584.9499,65062.2287,1056
12786,,,,,,,9,51984.9564,60675.2368,579
12787,,,,,,,3,48763.0944,59860.6128,345
12788,,,,,,,19,38735.8446,47808.0217,3053
12789,,,,,,,20,44265.009,53923.196,1652
12790,,,,,,1,17,59068.2638,72002.1937,4289
12791,,,,,,,2,52045.2282,55790.2978,652
12792,,,,,,,4,51523,69301,254
12801,,,,,,2,80,42849.2721,53053.8958,14370
12803,1445,270,18.6851211073,212,14.6712802768,1,33,54188.4972,61914.5183,7036
12804,2420,428,17.6859504132,386,15.9504132231,1,131,63476.2662,75103.7235,23957
12808,,,,,,,,51847.958,67263.418,335
12809,325,62,19.0769230769,34,10.4615384615,,3,61667.4823,65714.6553,3373
12810,,,,,,,,44853,61832,644
12811,,,,,,,1,40391,47583,117
12812,,,,,,,6,44135,54637,160
12814,234,50,21.3675213675,31,13.2478632479,,32,57500,66466,1519
12815,,,,,,,8,51932,67411,905
12816,481,76,15.8004158004,88,18.2952182952,2,14,51267.8526,60865.901,4634
12817,400,88,22,78,19.5,1,12,43494.968,55057.136,2146
12819,,,,,,,1,41800,52870,398
12820,,,,,,,1,,,
12821,,,,,,,6,51361,60346,2022
12822,660,180,27.2727272727,104,15.7575757576,,14,50198.9003,56411.7133,5788
12823,,,,,,,,56315.855,69184.4216,201
12824,,,,,,,11,56502.5728,67570.6112,755
12827,373,84,22.5201072386,82,21.9839142091,,11,53801.2645,62030.6182,3826
12828,1369,284,20.7450693937,226,16.5084002922,1,23,49861.8573,54971.1408,8455
12831,,,,,,1,21,69187.5726,79045.8836,14408
12832,695,194,27.9136690647,112,16.1151079137,1,19,47352.6187,54950.2787,7035
12833,,,,,,,7,56187.9411,88090.6187,4053
12834,612,118,19.2810457516,88,14.3790849673,1,25,56800.7832,69744.3141,6548
12835,,,,,,,9,45844.711,57761.4351,2647
12836,,,,,,,3,51345.9684,66788.494,697
12837,,,,,,,1,43876.941,51116.1,812
12838,302,50,16.5562913907,50,16.5562913907,,3,62500,67958,563
12839,,,,,,1,49,44140.2171,52378.567,12046
12841,,,,,,,,41800,52870,129
12842,,,,,,,11,44135,54637,1260
12843,,,,,,,,40391,47583,608
12844,,,,,,,2,51997.3816,61011.1924,236
12845,712,120,16.8539325843,114,16.0112359551,,138,58345.1624,73043.1799,4974
12846,462,110,23.8095238095,86,18.6147186147,,22,56573.57,64826.0308,3167
12847,,,,,,,14,55223.0799,66012.8026,730
12848,,,,,,,1,,,
12849,,,,,,,2,44874,52388,322
12850,,,,,,1,2,56451.5767,65113.5034,2249
12851,,,,,,,5,45583,52968,348
12852,,,,,,,8,45583,52968,481
12853,301,59,19.6013289037,48,15.9468438538,,22,41814.792,50374.6956,1655
12855,,,,,,,2,45423.9852,52863.994,282
12856,,,,,,,3,40391,47583,221
12857,,,,,,,3,45069.0881,52856.2865,496
12858,,,,,,,2,42594,51013,47
12859,,,,,,,2,59588.238,67833.2584,2009
12860,,,,,,,12,45549.4541,57547.2129,1154
12861,,,,,,,3,41800,52870,644
12862,,,,,,,,40391,47583,27
12864,,,,,,,1,44135,54637,47
12865,370,75,20.2702702703,68,18.3783783784,1,8,50658.1236,61767.3563,3562
12866,1777,226,12.7180641531,208,11.7051209904,2,344,62848.0065,79881.2305,34669
12870,,,,,,1,19,42657.3207,51183.9001,1678
12871,1282,244,19.0327613105,244,19.0327613105,,16,58493.818,70599.3832,3627
12872,,,,,,,,42594,51013,11
12873,,,,,,,,50315.872,61224.106,741
12874,,,,,,,3,51932,67411,179
12878,,,,,,,8,44853,61832,675
12883,567,108,19.0476190476,86,15.1675485009,1,32,35618.662,50078.4934,5138
12884,,,,,,,,52531.411,60402.6221,360
12885,394,102,25.8883248731,64,16.2436548223,,28,39200.9324,54355.1907,4710
12886,,,,,,,,40391,47583,389
12887,506,90,17.7865612648,118,23.3201581028,1,20,44732.7733,52257.0124,5899
12889,,,,,,,2,,,
12901,1153,223,19.3408499566,216,18.7337380746,1,175,42031.1661,51224.9813,27169
12903,,,,,,1,5,49040,52965,88
12910,,,,,,,4,41858.1814,49214.0828,2464
12911,,,,,,,2,38688,49779,35
12912,,,,,,,8,53582.6057,66408.0203,2114
12913,,,,,,,7,50310.3925,60213.4555,994
12914,,,,,,,,38618.4363,49138.7288,919
12916,586,118,20.1365187713,136,23.2081911263,,8,39771.294,50279.9673,2028
12917,,,,,,,6,42054.7735,52405.277,1334
12918,,,,,,,,55377.1774,62554.4318,2269
12919,715,158,22.0979020979,126,17.6223776224,,14,50833,59523,2995
12920,430,90,20.9302325581,60,13.9534883721,,10,43228.4753,53723.3974,2670
12921,275,38,13.8181818182,55,20,,11,54792.0095,60851.6661,2405
12922,,,,,,,1,38922,45454,61
12923,,,,,,,1,44556,51852,625
12924,494,118,23.8866396761,80,16.1943319838,,2,38688,49779,141
12926,,,,,,,5,40693.3749,51118.3631,2054
12927,,,,,,,2,38922,45454,272
12928,,,,,,,8,53369.115,62553.7555,2115
12929,644,142,22.049689441,140,21.7391304348,,5,45749.608,52922.2552,4127
12930,,,,,,,2,37518.9501,45564.0179,614
12932,200,54,27,50,25,1,11,50673.8748,59969.2816,1372
12933,,,,,,,2,44556,51852,1
12934,,,,,,,1,44556,51852,1028
12935,540,122,22.5925925926,96,17.7777777778,,8,43206.1956,50595.2469,1852
12936,,,,,,,7,47661.9861,62895.0712,618
12937,1265,410,32.4110671937,254,20.0790513834,,8,38559,49133,1529
12939,,,,,,,1,53875,59038,167
12941,,,,,,,2,51623,73493,1286
12942,,,,,,,4,51438,59227,611
12943,,,,,,1,10,51438,59227,450
12944,,,,,,1,21,18526.8412,23833.6389,1951
12945,,,,,,,4,39164.3433,54152.8266,669
12946,441,74,16.7800453515,98,22.2222222222,3,117,46442.8636,63866.6943,5079
12950,,,,,,,6,47625,62931,710
12952,,,,,,,3,46628.668,53710.4692,600
12953,1674,332,19.8327359618,314,18.7574671446,1,72,41765.0419,54784.5839,16245
12955,,,,,,1,4,44836.7221,52544.609,390
12956,,,,,,,6,40169,51922,1495
12957,,,,,,,3,39957.1344,50681.0569,1626
12958,,,,,,,4,40944,48489,1806
12959,,,,,,,1,40944,48489,1344
12960,,,,,,,2,40169,51922,1141
12961,,,,,,,1,40169,51922,101
12962,,,,,,,7,57225.8591,66174.0247,5499
12964,,,,,,,,51438,59227,188
12965,,,,,,,,41528,49438,465
12966,,,,,,,5,40073.6511,50818.6484,2853
12967,,,,,,,2,41502.6872,49435.3606,1035
12969,,,,,,,3,47227,58442,451
12970,,,,,,1,7,53513.774,58736.7894,1237
12972,766,112,14.6214099217,138,18.0156657963,,25,52343.8144,65714.6988,5688
12973,,,,,,,,38922,45454,146
12974,513,142,27.6803118908,70,13.6452241715,1,18,40169,51922,1523
12975,,,,,,,2,,,
12976,,,,,,,,53875,59038,238
12977,,,,,,,3,44737.8372,61961.7561,2197
12978,,,,,,,,56516,62576,416
12979,,,,,,,15,50833,59523,2362
12980,,,,,,,6,37956.0082,45855.2524,1385
12981,,,,,,,6,56505.9642,62562.5556,2369
12983,878,138,15.7175398633,114,12.9840546697,3,72,44645.9752,57852.1192,6975
12985,,,,,,,,54980.8824,66233.4188,1056
12986,690,166,24.0579710145,126,18.2608695652,3,38,47140.9534,56160.448,6326
12987,,,,,,,,51568.2873,73059.9044,152
12989,,,,,,,1,53875,59038,1074
12992,1064,250,23.4962406015,198,18.6090225564,,5,61376.9522,64433.2505,4586
12993,,,,,,,17,50337.0093,59414.9525,1719
12996,,,,,,1,18,45105.1835,55563.0759,1955
12997,,,,,,,28,49960,60329,1128
12998,,,,,,,,40169,51922,532
13020,,,,,,,3,68947,81348,132
13021,3359,698,20.7799940458,552,16.43346234,1,200,45134.8238,56598.4731,40004
13024,,,,,,,,28147,35097,1707
13026,494,94,19.028340081,96,19.4331983806,,11,54743.0176,64285.5152,1874
13027,3304,618,18.7046004843,484,14.6489104116,,85,65388.1076,77621.8772,29215
13028,,,,,,,2,48667.4733,58632.4429,1394
13029,,,,,,,15,65746.9848,72814.5812,5704
13030,,,,,,,16,55318.8262,66129.0073,3963
13031,3351,558,16.6517457475,534,15.9355416294,,47,61986.0883,74707.793,15105
13032,1013,254,25.0740375123,184,18.163869694,1,40,49862.715,58703.2564,11983
13033,,,,,,,8,50343.8866,59206.1356,3957
13034,,,,,,,2,55034.3175,64870.6465,2038
13035,860,56,6.511627907,114,13.2558139535,3,35,68721.6912,90936.03,8013
13036,1895,380,20.0527704485,336,17.7308707124,,32,49542.3875,60816.3395,8510
13037,933,170,18.2207931404,144,15.4340836013,,25,57806.7323,64985.5906,8710
13039,,,,,,,60,72495.8348,79782.7879,14777
13040,,,,,,1,10,47118.7313,58560.8283,2754
13041,,,,,,,24,77707.0571,81201.5783,9758
13042,,,,,,,8,50754.576,59195.84,2383
13044,,,,,,,8,48772.8705,58780.9724,2630
13045,1531,224,14.6309601568,294,19.2031352057,2,183,43715.3431,55389.9816,28939
1305,,,,,,,1,,,
13051,,,,,,,2,88438,106386,155
13052,319,62,19.4357366771,90,28.2131661442,,10,47993.576,56857.8831,1677
13053,1258,260,20.6677265501,192,15.2623211447,,18,61019.6171,67924.5032,4239
13054,,,,,,,3,52631,61232,1558
13057,1553,238,15.3251770766,262,16.8705730844,,73,52353.1043,63144.9794,14986
13060,776,196,25.2577319588,138,17.7835051546,,16,65452.2723,69366.4943,2913
13061,,,,,,,1,54998.3534,66072.6096,1069
13062,,,,,,,,64375,90094,181
13063,518,118,22.7799227799,120,23.166023166,,7,77096.1871,91816.3878,1887
13064,,,,,,,10,45500,51666,106
13065,,,,,,,2,,,
13066,,,,,,1,46,80706.58,112209.6967,12290
13068,,,,,,,7,57048.4997,67332.0688,5463
13069,2075,360,17.3493975904,420,20.2409638554,1,87,41521.9068,53927.8565,25186
13071,,,,,,,3,54130,63455,1048
13072,,,,,,,1,47520.1201,56156.2955,1158
13073,654,130,19.877675841,108,16.5137614679,1,19,56655.8182,69792.7824,6322
13074,1112,294,26.4388489209,222,19.964028777,,10,40712.4187,49143.6567,4704
13076,,,,,,,3,56596,65285,2148
13077,1337,262,19.5961106956,220,16.454749439,1,31,56566.1783,65709.6508,6786
13078,,,,,,,15,81789.4591,105196.9221,8291
13080,,,,,,,13,61588.3956,65991.0832,3687
13081,,,,,,,4,54130,63455,1101
13082,,,,,,,4,57000.1557,68578.6364,4931
13083,,,,,,,4,31286.4563,41268.4354,1273
13084,624,148,23.7179487179,128,20.5128205128,,24,65524.7703,73562.4066,4338
13087,,,,,,,1,50448,63697,145
13088,,,,,,,75,50364.3172,59696.0969,21965
13089,,,,,,,1,,,
13090,2623,410,15.6309569196,358,13.6484940907,1,61,67537.2817,77123.5565,30795
13092,,,,,,,5,54161.8702,64360.3788,2553
13093,,,,,,,2,,,
13101,309,56,18.1229773463,50,16.1812297735,,12,50953.8796,61849.705,2457
13102,,,,,,,,54483,60680,98
13103,,,,,,,,51488.116,58676.636,325
13104,2716,282,10.382916053,348,12.8129602356,,47,85107.2236,111193.3473,14502
13108,1396,212,15.1862464183,206,14.7564469914,,26,62228.1488,74338.762,6133
13110,,,,,,,8,63868.9889,73672.4735,2413
13111,,,,,,,3,45145.8022,51816.05,1738
13112,,,,,,,5,67888.4195,78236.45,1951
13113,,,,,,,3,52324,61656,322
13114,1358,322,23.7113402062,240,17.6730486009,,23,49304.7204,58220.0933,6487
13115,,,,,,,2,63611,88824,249
13116,,,,,,,7,65356,66750,3351
13117,,,,,,,3,53255,59620,235
13118,719,174,24.2002781641,140,19.471488178,2,21,54912.7921,64139.138,6646
13119,,,,,,,2,,,
13120,658,144,21.8844984802,98,14.8936170213,,13,31029.3375,34600.3448,1962
13121,,,,,,1,3,,,
13122,,,,,,,,73235.881,98671.4632,994
13123,,,,,,,3,52761,59594,339
13124,,,,,,,,47591,58419,135
13126,3207,926,28.874337387,468,14.5930776427,1,149,46877.245,58351.2038,36649
13131,896,240,26.7857142857,148,16.5178571429,,13,47507.3843,56396.6199,4001
13132,,,,,,,3,52344.249,62622.4513,4313
13134,,,,,,,,52194,62184,118
13135,1271,334,26.2785208497,226,17.7812745869,,29,52952.2814,66008.3831,6507
13136,,,,,,,1,47591,58419,529
13137,,,,,,,1,,,
13138,,,,,,,4,88438,106386,44
13140,810,228,28.1481481481,137,16.9135802469,,15,46281.0491,55091.9692,4652
13141,,,,,,,4,55740.064,71462.1709,680
13142,723,196,27.1092669433,164,22.683264177,2,37,43949.7258,56712.1561,6553
13143,471,132,28.025477707,72,15.2866242038,,6,42889.8522,52666.8476,3315
13144,,,,,,,1,16584.9403,18921.3755,541
13145,605,108,17.8512396694,74,12.2314049587,,8,44201,58535,1857
13146,,,,,,,1,46399.1331,54038.9129,2601
13147,,,,,,,1,59678.2882,70971.8114,1194
13148,800,182,22.75,132,16.5,1,42,47507.9327,57773.0528,10808
13152,1059,152,14.3531633617,128,12.0868744098,1,37,75255.6003,113554.7154,8068
13153,,,,,,,5,65197,90450,359
13155,,,,,,,4,47591,58419,613
13156,,,,,,,1,45375.88,51760.263,2273
13157,,,,,,,14,52761,59594,913
13158,,,,,,,10,47785.3585,59478.7695,1937
13159,520,104,20,72,13.8461538462,,20,65006.348,80579.5753,5317
13160,563,89,15.8081705151,103,18.2948490231,,16,56086.7476,66564.4542,1920
13162,,,,,,,5,52631,61232,448
13163,,,,,,,5,59250,61267,334
13164,,,,,,,5,70875.519,79325.1858,1492
13165,1273,246,19.3244304792,252,19.7957580518,,57,46563.1133,54380.8467,10840
13166,604,164,27.1523178808,98,16.2251655629,,19,49302.593,59112.0643,5992
13167,,,,,,,4,49800.798,56718.1,3399
13201,,,,,,,2,,,
13202,,,,,,1,102,14319.4118,23180.9793,5360
13203,,,,,,,45,29509.1185,41040.1778,15250
13204,,,,,,,122,25653.2377,32884.738,20508
13205,,,,,,1,64,29466.392,38434.8957,19967
13206,,,,,,,72,41094.5207,48458.9092,16681
13207,,,,,,,25,42721.7769,53001.2875,14811
13208,,,,,,1,89,29887.9764,39943.0941,21502
13209,1049,230,21.92564347,194,18.4938036225,,53,47372.4493,57348.0676,13433
13210,14153,2086,14.7389246096,2536,17.9184625168,,92,23758.9726,37457.6332,27631
13211,,,,,,,31,43048.4606,51941.911,6460
13212,3982,790,19.8392767454,622,15.6202913109,,87,53847.9571,63131.8679,21246
13214,1661,190,11.4388922336,246,14.8103552077,,61,64410.9234,84322.0771,9101
13215,,,,,,,29,71865.4606,89392.0895,14187
13217,,,,,,,1,,,
13219,1248,142,11.3782051282,190,15.2243589744,1,58,59600.802,68272.8602,15773
13221,,,,,,,1,,,
13224,,,,,,,35,57498.0416,73751.8012,8993
13244,,,,,,,59,,,
13290,,,,,,,16,,,
13301,,,,,,,2,45499.8636,55176.0256,119
13302,,,,,,,4,28337.0907,33696.5939,974
13303,,,,,,,2,56927.7468,65853.5524,1248
13304,,,,,,,9,67170.8832,75864.7199,1762
13305,516,122,23.6434108527,112,21.7054263566,,4,43906,51869,268
13308,,,,,,,6,52157.4328,58781.131,3708
13309,764,194,25.3926701571,136,17.8010471204,1,26,45956.6245,55725.4378,5981
13310,,,,,,,2,52314.788,63357.762,541
13312,,,,,,,4,35694.968,48498.9677,373
13313,,,,,,,3,42760,52064,630
13314,,,,,,,4,40588,51113,324
13315,,,,,,,,46975.3287,55687.6431,1379
13316,1519,232,15.2732060566,314,20.6714944042,,25,48718.7999,55842.3171,6648
13317,,,,,,1,15,49256.1404,55331.6601,3862
13318,,,,,,,1,47563.396,57094.198,1405
13319,,,,,,,5,68210.3891,94009.714,874
13320,368,56,15.2173913043,70,19.0217391304,,10,12567.1764,15408.2265,550
13321,,,,,,,4,48666.124,79323.3854,1202
13322,,,,,,,6,56312.6845,66039.4965,1127
13323,911,156,17.124039517,146,16.0263446762,1,49,58076.9272,77938.397,10653
13324,,,,,,,5,49447.251,57988.1132,1971
13325,,,,,,,3,41719,49516,976
13326,626,92,14.696485623,102,16.2939297125,1,53,30550.0868,42555.0105,3371
13327,,,,,,,13,10247.6604,12106.2246,495
13328,,,,,,,3,54729.055,66778.9229,1210
13329,622,162,26.0450160772,92,14.7909967846,1,16,42081.3462,49478.7638,3744
13331,,,,,,,10,44767,56310,271
13332,,,,,,,7,47787.492,58880.0604,2344
13333,,,,,,,2,,,
13334,,,,,,,3,53327.0496,63402.6904,1315
13335,330,64,19.3939393939,54,16.3636363636,,5,48221,56849,1545
13337,,,,,,,1,54158,75165,833
13338,,,,,,,13,46148.8151,50016.2024,1231
13339,645,155,24.0310077519,120,18.6046511628,1,17,41769.4186,53863.002,6681
13340,1095,101,9.2237442922,184,16.803652968,,23,44686.9043,53149.1656,7976
13341,,,,,,,,65449.5845,82338.8216,86
13342,,,,,,,1,48221,56849,149
13343,,,,,,,6,41786.1946,56072.2457,1687
13345,,,,,,,2,36344.848,49606.6122,205
13346,370,44,11.8918918919,58,15.6756756757,3,43,50724.0032,69009.1239,5791
13348,,,,,,,3,44838.4245,60826.3452,1447
13350,904,182,20.1327433628,195,21.5707964602,1,61,33415.5712,44389.2235,9869
13352,,,,,,,,68897,77395,79
13353,,,,,,,,44048,69704,151
13354,862,140,16.2412993039,154,17.8654292343,1,7,63653.2781,71824.8593,3264
13355,,,,,,,3,46006.582,57525.6998,810
13356,,,,,,,1,,,
13357,1206,242,20.0663349917,240,19.9004975124,1,35,46031.6577,53832.9454,11535
13360,,,,,,,11,55473,66328,407
13361,,,,,,,,42152.341,50594.479,743
13362,,,,,,1,,51696,62608,24
13363,,,,,,,3,52254.5659,57125.4166,2631
13364,,,,,,,1,40588,51113,298
13365,754,184,24.4031830239,144,19.0981432361,1,49,41326.9952,53518.6345,8977
13367,1144,182,15.9090909091,182,15.9090909091,2,51,40890.663,52049.383,7887
13368,,,,,,1,9,38612.5828,48296.6161,1184
13401,,,,,,,1,,,
13402,326,72,22.0858895706,70,21.472392638,,7,48335.8046,60206.285,1511
13403,,,,,,,18,60111.8347,69489.7261,7460
13404,,,,,,,,44702,53968,179
13406,,,,,,,3,49327,57188,806
13407,651,160,24.5775729647,140,21.5053763441,1,12,41704.7806,51032.4373,5505
13408,485,129,26.5979381443,93,19.175257732,1,16,54198.918,64640.719,3793
13409,724,183,25.2762430939,144,19.8895027624,,5,52459.5022,62693.0004,2355
13410,,,,,,,,40929,50323,185
13411,634,126,19.8738170347,144,22.7129337539,,18,45388.9712,60866.0345,3358
13413,1567,216,13.7843012125,230,14.6777281429,,110,60096.7537,80743.1518,15990
13414,,,,,,,1,,,
13415,,,,,,,,48221,56849,99
13416,663,112,16.8929110106,122,18.4012066365,,8,49320.532,57168.456,2128
13417,284,48,16.9014084507,50,17.6056338028,,14,41780,50437,3196
13418,,,,,,,2,40588,51113,255
13420,206,36,17.4757281553,40,19.4174757282,1,54,44767,56310,1383
13421,1720,366,21.2790697674,308,17.9069767442,1,60,46963.2735,57801.9096,13513
13424,390,58,14.8717948718,70,17.9487179487,,15,1809.6688,2044.7178,75
13425,,,,,,,5,51434.5326,62382.2401,1970
13426,,,,,,,3,,,
13428,,,,,,,8,40929,50323,1646
13429,,,,,,,1,,,
13431,,,,,,,7,49871.6465,58167.8115,1945
13433,,,,,,,2,38452.1063,48176.2399,1772
13434,,,,,,,1,,,
13435,,,,,,,2,68897,77395,317
13436,,,,,,,8,55473,66328,126
13437,,,,,,,6,4376.3231,5194.2284,54
13438,313,46,14.696485623,38,12.1405750799,,9,53037.7004,61820.7714,3960
13439,276,59,21.3768115942,44,15.9420289855,1,16,42446.711,51626.8497,3690
13440,4378,1014,23.1612608497,738,16.8570123344,1,165,48745.6095,56638.6601,44190
13441,,,,,,,6,6191.1586,7137.7306,4
13450,,,,,,,2,12308.0908,15044.955,32
13452,,,,,,,10,37346.0391,44337.3589,4548
13454,,,,,,,1,49375,55773,822
13455,,,,,,,1,,,
13456,683,146,21.3762811127,96,14.055636896,,8,59809.1272,72143.7377,4206
13459,,,,,,2,9,1574.5427,1766.5644,68
13460,979,241,24.6169560776,158,16.1389172625,,12,46640.4903,60400.8096,4440
13461,,,,,,1,13,61649.3383,65732.9598,3152
13464,,,,,,,,47399.273,59446.89,1288
13468,,,,,,,2,,,
13469,,,,,,,3,62267.1306,71247.6038,781
13470,,,,,,,,42683.3976,49121.1513,763
13471,,,,,,,10,42165.8464,51405.0716,3478
13472,,,,,,,8,44767,56310,241
13473,842,169,20.0712589074,138,16.3895486936,,7,42157.2027,50169.9988,810
13475,,,,,,,3,45943,57380,17
13476,,,,,,1,23,53339.7671,65422.7361,3037
13477,,,,,,,,51523.3559,64022.2534,1329
13478,1654,374,22.6118500605,300,18.1378476421,,16,53220.7548,61602.1368,3331
13479,,,,,,,6,,,
13480,503,108,21.4711729622,70,13.916500994,1,15,50139.1917,59962.8516,3626
13483,,,,,,,,45414.2232,53737.8068,225
13484,,,,,,,,54648,65191,200
13485,,,,,,,1,42448.3999,52735.1227,1179
13486,,,,,,,3,58327.2725,68319.925,885
13488,,,,,,,,45772,55950,134
13489,,,,,,,3,42287.0044,50159.8528,680
13490,512,108,21.09375,92,17.96875,2,14,65096,73551,1571
13491,448,99,22.0982142857,69,15.4017857143,1,15,47522.8264,56762.3367,3752
13492,,,,,,,33,61500.0219,71516.7556,11500
13493,,,,,,,7,23571.708,28029.916,1105
13494,,,,,,,5,46250,49446,389
13495,1980,346,17.4747474747,294,14.8484848485,,21,38314.912,47229.3648,2253
13501,3586,784,21.8627997769,612,17.0663692136,3,149,32333.5307,44171.5094,35933
13502,,,,,,,154,41948.4215,48462.797,33124
13504,,,,,,,1,,,
13601,2477,484,19.5397658458,458,18.4901090028,2,219,43348.9995,53387.9514,37131
13602,,,,,,,,35766.9663,37862.8947,4456
13603,,,,,,,,35812.5624,39600.3656,7653
13605,,,,,,,24,53015.1404,64109.0668,4430
13606,919,197,21.436343852,180,19.5865070729,,4,55470.8335,64405.0826,2597
13607,410,94,22.9268292683,80,19.512195122,1,37,41638.5094,53303.1457,2074
13608,,,,,,,3,45192.2153,53873.3823,1712
13609,,,,,,,2,,,
13611,474,104,21.94092827,96,20.253164557,,4,,,
13612,,,,,,,6,48618.132,63132.206,2668
13613,777,235,30.2445302445,165,21.2355212355,1,8,39290.796,49273.1087,2518
13614,,,,,,,1,46528,61947,272
13615,,,,,,,5,61382,61731,1159
13616,,,,,,,3,44791.2057,54874.7823,2261
13617,956,186,19.4560669456,158,16.5271966527,1,47,23376.6927,25221.8924,4743
13618,,,,,,1,14,50733.5624,64372.4642,3071
13619,1791,374,20.8821887214,311,17.3646007817,1,36,42093.7801,52943.0658,10778
13620,,,,,,,1,42526.06,50843.2798,2134
13621,,,,,,,1,50358.9715,61137.4006,671
13622,265,80,30.1886792453,37,13.9622641509,,10,51866.3492,64917.7796,2246
13623,,,,,,,,44395,55568,28
13624,505,88,17.4257425743,122,24.1584158416,,33,49803.8012,61628.3921,4462
13625,,,,,,,4,49187,56181,1940
13626,241,38,15.7676348548,64,26.5560165975,,6,46771.6721,57978.4477,2294
13628,,,,,,,,39787,51593,228
13630,205,60,29.2682926829,28,13.6585365854,,6,40505.6946,48081.3599,1297
13631,,,,,,,1,,,
13632,,,,,,,2,,,
13633,,,,,,,,43273.8952,53545.5208,333
13634,889,198,22.272215973,121,13.6107986502,1,9,53875.8413,60896.6839,3753
13635,,,,,,,3,44205.6901,49271.8288,1143
13636,,,,,,,,41908,51553,301
13637,,,,,,,22,41278.4336,56120.5616,3851
13638,,,,,,,1,48696,63296,347
13639,,,,,,,,38922,45454,285
13640,,,,,,,5,43265.9992,54954.4876,285
13641,,,,,,,1,49783,61567,79
13642,1066,208,19.512195122,208,19.512195122,2,31,43269.3961,51885.2435,10301
13643,,,,,,,3,43950,53267,35
13646,,,,,,1,5,45238.4303,58086.4535,2228
13647,,,,,,,1,49187,56181,7
13648,342,63,18.4210526316,92,26.9005847953,,12,34173.4467,39345.2058,1826
13649,,,,,,,1,,,
13650,,,,,,,5,47760.5198,62278.4276,1396
13651,,,,,,,3,50750,67757,124
13652,,,,,,,1,39069.1389,45414.1318,1613
13654,317,77,24.2902208202,74,23.3438485804,,4,47853.4518,57095.3904,2424
13655,,,,,,,2,43334.1172,47498.8294,2990
13656,296,62,20.9459459459,78,26.3513513514,1,6,46113.0454,56952.5516,2521
13657,,,,,,,2,,,
13658,534,116,21.7228464419,82,15.3558052434,,2,45114.8484,56229.4208,2379
13659,,,,,,,1,45829.885,56049.008,603
13660,637,142,22.2919937206,134,21.0361067504,,5,46167.09,56425.8965,1972
13661,,,,,,,4,41944.6649,51779.33,1666
13662,2162,680,31.4523589269,430,19.8889916744,3,69,41520.8756,50644.4634,16686
13664,,,,,,,4,46528,61947,460
13665,,,,,,,1,41069.6566,51678.9464,819
13666,,,,,,,,38922,45454,270
13667,,,,,,,4,39116.4413,55042.4773,3373
13668,685,176,25.6934306569,124,18.102189781,1,8,42071.1872,55110.7576,3306
13669,781,158,20.2304737516,120,15.3649167734,3,50,39234.5999,48613.801,17597
13670,,,,,,,2,38922,45454,499
13672,417,110,26.3788968825,76,18.2254196643,,4,48104.0174,55227.5398,474
13673,2717,405,14.9061464851,554,20.3901361796,1,8,41289.4796,56036.9664,2389
13674,,,,,,,2,41908,51553,137
13675,,,,,,,,40981,52636,105
13676,1132,211,18.6395759717,212,18.7279151943,7,59,32176.6925,45573.8716,16585
13678,,,,,,,1,37224,53909,154
13679,,,,,,,5,42648.8669,53234.5465,1726
13680,,,,,,,1,49695.4103,55729.1756,1263
13681,,,,,,,,42302.6525,51021.0215,792
13682,,,,,,,,60211.9017,72497.5192,861
13684,402,96,23.8805970149,77,19.1542288557,,5,43707.1707,48959.0129,1021
13685,232,65,28.0172413793,34,14.6551724138,,18,52860.7923,60774.5989,2118
13687,,,,,,,2,49187,56181,466
13690,261,60,22.9885057471,60,22.9885057471,,6,38922,45454,957
13691,,,,,,,7,44593.0831,53600.1071,2671
13692,,,,,,,2,49783,61567,37
13693,,,,,,,3,51531,66726,418
13694,,,,,,,6,46404,56444,1415
13695,,,,,,,3,38922,45454,33
13696,,,,,,,,39140,49189,84
13697,,,,,,1,4,39399.3368,49216.0414,2137
13699,,,,,,,1,,,
13730,422,116,27.4881516588,70,16.5876777251,,13,40727.0264,50235.6744,2782
13731,,,,,,,5,37628.8016,56273.5888,1180
13732,,,,,,,24,68091.6185,77228.28,8485
13733,523,97,18.5468451243,82,15.6787762906,,18,45376.6642,53799.8393,5377
13734,,,,,,,,45345.6565,53314.7632,2256
13736,,,,,,,2,49364.7017,57229.1345,2270
13739,,,,,,,1,45128.156,51905.384,852
13740,,,,,,,2,840.775,1021.9768,10
13743,,,,,,1,14,49206.5286,57973.7792,3708
13744,,,,,,,,57534.0203,69928.6926,1191
13745,,,,,,,2,,,
13746,,,,,,,6,49412.9607,60101.3086,2465
13747,,,,,,,1,,,
13748,1127,251,22.2715173026,202,17.9236912156,,19,52546,61390,4141
13750,,,,,,,3,48711.9634,53170.3948,1075
13751,,,,,,,1,48271,52042,175
13752,,,,,,,1,42048.4717,57813.8073,754
13753,470,80,17.0212765957,98,20.8510638298,,37,40380.026,48596.4374,4450
13754,391,92,23.5294117647,68,17.3913043478,2,24,39120.8768,49321.9276,3410
13755,193,42,21.7616580311,50,25.9067357513,,4,41804,47224,1200
13756,,,,,,,2,36826.9398,51410.8595,610
13757,,,,,,,1,49975.3507,56403.3154,1072
13758,,,,,,,1,,,
13760,2520,494,19.6031746032,388,15.3968253968,,196,51401.9884,62435.1857,44106
13774,,,,,,,1,36743,51443,252
13775,225,58,25.7777777778,56,24.8888888889,,5,49692.8948,58831.5527,1811
13776,245,42,17.1428571429,48,19.5918367347,,3,45958,55833,469
13777,,,,,,,2,51003.033,57374.2991,770
13778,742,142,19.1374663073,122,16.4420485175,1,21,46606.4465,55913.2787,6100
13780,,,,,,,4,47021.4919,53269.7721,1045
13782,,,,,,,1,39140.6793,55535.5221,775
13783,239,84,35.1464435146,40,16.7364016736,,21,36908.4296,50877.9425,2633
13784,,,,,,,1,54745,64600,175
13786,,,,,,,,48358.8964,52266.9208,477
13787,757,152,20.0792602378,112,14.7952443857,,10,49476.5495,54856.9944,3672
13788,,,,,,,3,5062.178,5648.492,92
13790,1584,354,22.3484848485,232,14.6464646465,,88,41871.9246,50875.42,19409
13794,,,,,,,,46793,59469,105
13795,,,,,,,10,50905.1258,62163.9746,3755
13796,,,,,,,2,6373.0146,7697.667,165
13797,,,,,,,8,47320.3213,58803.5439,2214
13801,,,,,,,5,47579.5736,58148.152,1399
13802,,,,,,,6,52410.888,59296.5968,721
13803,370,82,22.1621621622,76,20.5405405405,,15,49013.0861,60089.9593,4064
13804,,,,,,,2,37775,47918,423
13806,,,,,,,,50740,58360,150
13807,,,,,,,14,43976.0706,57635.1479,1403
13808,,,,,,1,5,45998.9603,55851.3896,1768
13809,,,,,,,3,46324.9271,51573.2363,1675
13810,,,,,,,1,29718.9435,36107.1984,788
13811,1015,166,16.354679803,146,14.3842364532,,12,49222.8944,56637.4217,4495
13812,,,,,,,14,44466,52460,2392
13813,,,,,,,1,47681.3027,53835.6516,1017
13814,,,,,,,1,,,
13815,1365,272,19.9267399267,296,21.684981685,2,56,37837.6009,52863.734,14100
13820,1400,232,16.5714285714,264,18.8571428571,2,122,34281.8822,46674.5352,17871
13825,606,132,21.7821782178,114,18.8118811881,,6,4224.5454,5290.9144,326
13826,,,,,,,,47246,58082,77
13827,1314,244,18.5692541857,194,14.7640791476,2,77,53974.7838,64527.0034,11896
13830,476,118,24.7899159664,60,12.6050420168,,14,47180.2251,55316.1649,5022
13832,,,,,,,1,47306.0556,58066.4592,718
13833,,,,,,,5,46988.704,55950.7,4427
13834,,,,,,,,44806,56152,174
13835,,,,,,,4,49550.1632,58660.0993,1482
13838,641,134,20.9048361934,130,20.2808112324,1,29,41935.1339,55832.645,4542
13839,,,,,,,4,40776.0277,53227.8676,1485
13841,,,,,,,3,47874.3233,57399.7941,543
13842,,,,,,,4,35741.256,41108.784,355
13843,,,,,,,,44739.5888,59219.788,1963
13844,,,,,,,,47302.9224,57510.9344,900
13845,554,102,18.4115523466,92,16.6064981949,,5,44466,52460,85
13846,,,,,,,,50778.6466,59128.219,244
13847,,,,,,,1,37775,47918,58
13849,,,,,,,8,44817.0838,50721.6277,4755
13850,2254,184,8.1632653061,262,11.6237799468,1,129,63875.8524,81752.5907,21791
13856,801,176,21.9725343321,128,15.9800249688,1,21,39563.3205,51128.8347,6598
13859,,,,,,,,45900,49530,190
13860,,,,,,,1,48271,52042,95
13861,,,,,,,1,32391.268,40845.056,322
13862,897,159,17.7257525084,165,18.3946488294,,25,47792.9237,59334.5216,4403
13863,,,,,,,1,46828,58236,675
13864,,,,,,,1,50232.6288,59891.4544,1155
13865,1186,238,20.0674536256,242,20.4047217538,,22,46996.2644,57745.0765,6511
13901,1112,200,17.9856115108,178,16.0071942446,2,115,43719.2092,56750.6606,20038
13902,,,,,,,15,78247,82933,4900
13903,,,,,,,48,46183.163,63025.0132,19198
13904,,,,,,,41,41446.8002,52094.7363,9535
13905,,,,,,1,129,36817.0077,50337.9267,27737
14001,1255,228,18.1673306773,150,11.9521912351,,5,54057.2098,60903.4058,9287
14003,,,,,,,1,,,
14004,1276,268,21.0031347962,172,13.4796238245,1,,42247.1422,50691.0672,9307
14005,553,60,10.8499095841,84,15.1898734177,,8,56689.0944,63719.3264,1874
14006,1540,413,26.8181818182,288,18.7012987013,,,54349.8087,63355.7966,10775
14008,,,,,,,4,49825.6846,60968.7352,1506
14009,,,,,,,19,46902.5594,56627.663,5758
14011,905,160,17.679558011,131,14.4751381215,,18,53940.2327,60025.9849,8105
14012,694,158,22.7665706052,132,19.0201729107,,13,47925.7514,55018.58,2537
14013,,,,,,,,43661.9966,50549.1404,1785
14020,,,,,,4,119,41262.1154,55158.1442,23194
14021,1780,388,21.797752809,262,14.7191011236,,,,,
14024,,,,,,,7,45702.5145,52530.1064,1730
14025,,,,,,,,62468.8644,72057.5814,2966
14026,,,,,,,,83709,88525,653
14028,1096,240,21.897810219,191,17.4270072993,,6,52950.767,65586.5282,1590
14030,,,,,,,,54155.5086,71413.1208,1521
14031,2944,450,15.285326087,382,12.9755434783,1,,68540.4248,97144.7419,8935
14032,,,,,,,,84415.2113,100260.6799,5397
14033,,,,,,,,65752.6534,77371.0731,2190
14034,,,,,,,,46038.9968,51327.5538,4523
14035,,,,,,,,52792,56780,108
14036,440,99,22.5,72,16.3636363636,,14,51534.4784,59546.2152,5334
14037,,,,,,,3,53047.2116,58261.7406,1032
14039,,,,,,,,57917,67976,117
14040,,,,,,,40,57135.3542,63967.7736,2159
14041,,,,,,1,,45649.5516,55206.1252,183
14042,,,,,,,14,41954.4377,49874.5156,4159
14043,1264,254,20.0949367089,196,15.5063291139,,,50187.1983,58351.828,26663
14047,,,,,,,,62216.7892,74875.7666,6803
14048,1073,276,25.7222739981,200,18.6393289842,1,84,36106.318,45656.4906,15963
14051,6423,1004,15.631324926,828,12.8911723494,,,100528.2934,126571.0635,18115
14052,1174,109,9.2844974446,192,16.3543441227,1,,56012.6323,76959.3462,15120
14054,,,,,,,1,60754.3398,67223.1093,1339
14055,,,,,,,,54056.4276,69985.789,1640
14056,,,,,,,1,,,
14057,1142,140,12.2591943958,192,16.8126094571,,,62804.579,75158.909,8440
14058,326,88,26.9938650307,46,14.1104294479,,5,51763.5585,59424.2868,2319
14059,1735,238,13.7175792507,266,15.3314121037,,,71080.2048,86726.576,8670
14060,,,,,,,,47214.8144,54169.0406,498
14061,,,,,,,,54688,60773,304
14062,433,94,21.7090069284,82,18.9376443418,,6,46478.6816,52862.2384,3443
14063,1290,230,17.8294573643,212,16.4341085271,2,53,42016.4017,52897.14,14422
14065,,,,,,,3,47789.3392,54860.8008,1884
14066,598,80,13.3779264214,114,19.0635451505,,6,46001.0432,52085.236,1358
14067,,,,,,,27,51793.1577,67957.0016,5305
14068,,,,,,,,74113.2835,88834.8561,5723
14069,,,,,,,,59608.5509,71157.43,928
14070,927,204,22.0064724919,206,22.2222222222,,11,39445.837,49717.9353,6802
14072,1882,236,12.5398512221,248,13.1774707758,,,77732.665,87554.447,18623
14075,4562,748,16.3963174046,654,14.3358176238,1,,65165.5854,73463.5095,41797
14080,492,67,13.6178861789,86,17.4796747967,1,,63094.4254,69933.8958,4493
14081,,,,,,,14,46471.5413,62256.9081,3055
14082,,,,,,,2,57557,67469,498
14085,,,,,,,,81211.7433,98598.2522,5723
14086,4384,644,14.6897810219,670,15.2828467153,1,,67558.9167,74727.1503,28889
14091,,,,,,,,47309.2428,65995.9128,1165
14092,,,,,,,59,58574.0519,74822.7797,11138
14094,1766,304,17.2140430351,256,14.4960362401,1,224,50984.7902,60438.5366,50641
14095,,,,,,,2,,,
14098,434,84,19.3548387097,84,19.3548387097,1,14,44836.373,53987.1313,2925
14101,,,,,,,6,40939.2919,48305.6682,2059
14103,1367,300,21.9458668617,226,16.5325530358,2,55,40440.1527,51996.1906,11494
14105,1170,254,21.7094017094,218,18.6324786325,1,29,45749.4372,58742.5539,4628
14108,,,,,,,26,49985.9842,60620.3558,5971
14109,,,,,,,4,48571,61663,1347
14111,,,,,,,,49745.1152,65753.3498,3204
14112,,,,,,,,68065.656,78580.013,85
14113,,,,,,,,56137.6959,65289.3985,752
14120,2501,578,23.1107556977,350,13.9944022391,2,155,52521.9828,61821.8595,43140
14121,,,,,,,1,,,
14125,689,142,20.6095791001,116,16.8359941945,,10,51146.1583,59012.2201,3818
14126,,,,,,,13,53145,66096,510
14127,3245,390,12.0184899846,438,13.4976887519,,,80903.745,95588.9758,28362
14129,,,,,,,2,43914.907,53432.043,1756
14130,,,,,,,4,45726,52728,275
14131,,,,,,,18,56256.7358,70088.6264,5277
14132,,,,,,,34,62958.7891,70585.8,5900
14133,,,,,,,1,,,
14134,,,,,,,,56901,76613,101
14135,,,,,,,2,56887,61886,163
14136,617,138,22.3662884927,98,15.8833063209,,11,47118.6557,55837.2267,5322
14138,387,82,21.188630491,70,18.0878552972,,9,45836.1684,53080.5198,2012
14139,,,,,,,,54570.0549,72872.987,2167
14141,1537,314,20.4294079375,296,19.2582953806,1,,44354.8202,55378.4476,7781
14143,,,,,,,7,61088.0076,70491.4956,1190
14144,,,,,,,2,,,
14145,,,,,,,4,55205.9671,62849.0244,1795
14150,1187,194,16.3437236731,198,16.6807076664,,,46637.961,55918.9398,44756
14167,,,,,,,8,54813.835,62032.6616,1707
14168,,,,,,,,45646,56132,42
14169,,,,,,,,50064,63359,81
14170,,,,,,,,76016.978,101035.615,2276
14171,227,26,11.4537444934,32,14.0969162996,,4,46073.7431,51009.2284,2117
14172,707,118,16.6902404526,130,18.387553041,,22,54185.7108,71522.3956,3182
14173,1738,362,20.8285385501,318,18.2968929804,,15,39583,48099,431
14174,1376,182,13.226744186,216,15.6976744186,,29,62903.9912,81799.6924,5757
14201,,,,,,,,20512.0444,32141.5668,13553
14202,6966,1264,18.14527706,1084,15.5612977318,1,,26963.1886,55346.2145,4027
14203,,,,,,,,20209.3618,39079.7398,1184
14204,,,,,,,,18371.2621,31729.1248,9977
14206,,,,,,1,,33847.139,39887.286,22991
14207,,,,,,,,26252.6505,36886.884,22986
14208,,,,,,,,25205.8756,34093.6815,13349
14209,,,,,,,,35969.342,57523.0439,8205
14210,,,,,,,,31852.6227,40283.6257,16623
14211,,,,,,2,,24889.0749,34463.5213,29664
14212,1199,222,18.5154295246,196,16.3469557965,,,24113.3848,32090.5989,15343
14213,,,,,,,,19121.1644,29622.0211,23309
14214,,,,,,2,,35783.9586,47071.8842,18126
14215,,,,,,2,,28968.3116,36217.8795,39927
14216,,,,,,,,47453.4987,64983.6629,23633
14217,,,,,,1,,46301.0361,57787.5528,24765
14218,1320,200,15.1515151515,284,21.5151515152,,,31054.0687,38644.3517,18095
14219,,,,,,1,,43442.1509,52208.3178,12437
14220,,,,,,,,44893.0307,53325.2183,26426
14221,,,,,,1,,74419.0544,94049.9879,51623
14222,,,,,,1,,29682.932,48181.595,11213
14223,1298,205,15.7935285054,217,16.718027735,,,53892.7168,62646.2534,23796
14224,5245,974,18.5700667302,842,16.0533841754,,,54837.8158,64735.3173,40653
14225,4104,788,19.2007797271,750,18.2748538012,,,45633.9956,52981.0936,35048
14226,1844,257,13.9370932755,291,15.7809110629,,,57540.2584,72780.9031,29349
14227,,,,,,,,50837.5614,57979.5478,24689
14228,2390,372,15.5648535565,386,16.1506276151,,,43244.6646,55498.6418,16422
14301,,,,,,1,68,23498.121,35599.9793,14247
14302,,,,,,,,22750,35097,120
14303,,,,,,,69,26197.5235,37794.1312,6926
14304,8323,1942,23.3329328367,1401,16.8328727622,,169,45605.3333,54011.7065,30838
14305,,,,,,,74,24090.2852,32599.04,15249
14411,1212,250,20.6270627063,230,18.9768976898,3,57,46471.9342,53135.2722,14421
14413,,,,,,,2,,,
14414,720,94,13.0555555556,124,17.2222222222,1,33,56635.7595,67555.2034,6445
14415,,,,,,,,40055.453,55792.908,116
14416,553,148,26.7631103074,58,10.4882459313,,12,58968.874,65843.8947,3872
14418,,,,,,2,2,46203.8058,54291.4674,1306
14420,1917,390,20.3442879499,312,16.2754303599,2,68,51718.7318,62326.5864,19580
14422,,,,,,,3,58573.3052,65376.9808,2567
14423,635,110,17.3228346457,90,14.1732283465,,11,52055.906,60429.864,4992
14424,2416,284,11.7549668874,412,17.0529801325,2,117,53452.7664,68369.4315,24767
14425,,,,,,,30,59629.5987,66974.7974,9486
14427,,,,,,,6,49379.4003,56202.4758,2013
14428,2675,385,14.3925233645,463,17.308411215,,21,65993.112,72038.8916,7527
14429,,,,,,,2,,,
14432,993,148,14.9043303122,186,18.7311178248,1,19,54965.8662,61405.6278,6018
14433,611,136,22.2585924714,138,22.5859247136,,15,43377.2298,52040.6662,4809
14435,,,,,,,3,7800.6674,9056.3197,380
14437,995,226,22.7135678392,171,17.1859296482,1,42,44690.8191,53688.2502,12172
14441,,,,,,,4,46691,69147,331
14443,541,102,18.853974122,68,12.5693160813,,2,,,
14445,736,112,15.2173913043,146,19.8369565217,,23,51753.8748,65184.3764,8075
14450,4349,478,10.9910324212,662,15.2218900897,1,84,77142.0913,93788.3481,40834
14454,466,92,19.7424892704,76,16.3090128755,1,49,42502.8246,49710.6993,10239
14456,1388,286,20.6051873199,276,19.8847262248,1,104,46566.6319,59898.667,20413
14461,,,,,,,2,,,
14462,,,,,,,,57318.0568,66960.7728,643
14463,,,,,,,1,,,
14464,,,,,,1,9,59286.564,64166.0578,7810
14466,,,,,,,2,50427.7392,64345.593,1672
14467,3442,546,15.8628704242,460,13.364323068,,25,65833.6998,75563.9693,8857
14468,2506,252,10.0558659218,400,15.9616919393,,29,65059.1789,72771.774,16741
14469,,,,,,,10,59238.0369,81425.0166,6280
14470,921,200,21.7155266015,134,14.549402823,,22,53517.1472,61157.4635,9074
14471,489,96,19.6319018405,84,17.1779141104,,12,45941.8917,62574.6405,2671
14472,1765,163,9.2351274788,250,14.164305949,,18,85758.0245,105814.6081,7829
14475,,,,,,,,60714,83637,223
14476,572,148,25.8741258741,98,17.1328671329,,9,63277.8853,67494.8523,2368
14477,,,,,,,4,63358.2067,67076.9613,1737
14478,,,,,,,3,61485.3181,79710.6565,1399
14479,,,,,,,1,45134,57390,112
14480,,,,,,,11,59568,69219,667
14481,,,,,,,6,57384,67069,1912
14482,995,198,19.8994974874,172,17.2864321608,2,30,52826.3991,63329.3575,8557
14485,,,,,,1,11,55558.818,64598.9349,4579
14486,,,,,,,,45500,55092,286
14487,1195,186,15.5648535565,198,16.5690376569,,13,58383.9384,68563.5615,5858
14489,532,126,23.6842105263,98,18.4210526316,,29,41530.8941,49220.8504,7432
14502,,,,,,1,23,61722.1155,75056.501,9414
14504,,,,,,,5,46702,53635,1443
14505,568,106,18.661971831,106,18.661971831,,5,55171.6162,62979.5948,5598
14506,,,,,,,10,112691,138538,1289
14507,,,,,,,1,45769,53671,1324
14510,,,,,,1,28,47873.4989,54813.5438,5013
14511,,,,,,,7,61462,68537,568
14512,454,66,14.5374449339,68,14.9779735683,,25,47520.5323,60517.6328,4659
14513,1441,352,24.427480916,322,22.345593338,1,52,46262.6336,52972.7387,14569
14514,,,,,,1,8,57692.2456,64299.1922,4403
14515,,,,,,,1,,,
14516,,,,,,,5,51302.2077,59001.4044,2525
14517,568,138,24.2957746479,64,11.2676056338,,9,44513.7156,53633.1056,2850
14519,,,,,,,26,67229.611,74777.7559,10843
14520,1456,208,14.2857142857,194,13.3241758242,,2,,,
14521,483,124,25.6728778468,90,18.6335403727,,24,44827.348,54300.82,2955
14522,1447,260,17.9682100898,234,16.1713890809,,25,52819.0286,58950.3566,9089
14525,494,92,18.6234817814,117,23.6842105263,,10,59241.5572,66985.7315,2898
14526,,,,,,2,47,73105.7825,88163.6055,19584
14527,1005,216,21.4925373134,176,17.5124378109,2,68,46598.2154,60798.7122,12817
14529,,,,,,,,42057,54757,13
14530,670,164,24.4776119403,126,18.8059701493,1,24,46591.9058,50285.007,7595
14532,,,,,,,16,64563.2076,72669.7888,4286
14533,,,,,,,5,45775.6081,55372.1688,2007
14534,4008,324,8.0838323353,554,13.8223552894,,51,93605.3006,125187.9698,29833
14536,,,,,,,3,45321.713,52161.408,674
14537,,,,,,,,51406,57507,191
14538,,,,,,,1,,,
14539,509,126,24.7544204322,80,15.7170923379,,3,45500,55092,158
14541,401,108,26.9326683292,42,10.4738154613,,19,54907.74,63856.2014,2036
14542,,,,,,,1,51019,58978,75
14543,,,,,,,9,80051.4291,92744.1128,3197
14544,901,226,25.0832408435,188,20.8657047725,,6,50490.0494,59118.7126,1990
14545,,,,,,,1,52066,58341,162
14546,446,96,21.5246636771,57,12.7802690583,1,20,61562.1402,68339.3181,4940
14548,526,138,26.2357414449,80,15.2091254753,,9,49607.8877,56310.0439,4139
14549,,,,,,,3,50167,57022,60
14550,,,,,,,3,46373.8932,52420.3146,1584
14551,715,194,27.1328671329,154,21.5384615385,1,21,46867.1473,54741.3027,5725
14555,,,,,,,13,56068.8795,62769.9813,1279
14556,,,,,,,1,,,
14559,2231,424,19.0049305244,312,13.9847601972,,52,66915.0462,80313.6249,16342
14560,,,,,,,3,20187.2664,27496.1718,931
14561,,,,,,,2,57105.437,66239.0846,2953
14564,2976,374,12.5672043011,418,14.0456989247,1,92,62070.9505,80848.3125,7496
14568,819,127,15.5067155067,138,16.8498168498,1,10,70392.6585,73527.3766,6138
14569,623,116,18.6195826645,134,21.5088282504,1,25,44502.6718,53058.1519,6528
14571,,,,,,,3,54538.3618,60975.323,1222
14572,935,202,21.6042780749,176,18.8235294118,,14,35045.4077,45096.3,4334
14580,6625,874,13.1924528302,986,14.8830188679,1,137,72609.1124,85796.3884,43542
14585,,,,,,,,60714,83637,7
14586,,,,,,,11,61214.5911,64758.89,6687
14588,,,,,,,2,47386.5188,56724.042,605
14589,612,96,15.6862745098,104,16.9934640523,,21,52125.2395,65605.6053,7728
14590,846,202,23.8770685579,150,17.7304964539,1,25,44267.2641,54587.4291,5505
14591,,,,,,,6,57423.7818,67032.4711,1802
14592,,,,,,,1,45500,55092,80
14603,,,,,,,1,,,
14604,,,,,,2,62,11709,27226,1665
14605,,,,,,8,69,18460.6986,27137.6043,14505
14606,,,,,,3,60,39513.5223,46854.4182,29186
14607,,,,,,4,127,35417.0799,54719.9331,16210
14608,,,,,,6,66,21867.9282,31270.569,12934
14609,1725,340,19.7101449275,288,16.6956521739,4,82,40070.3101,47778.7407,43372
14610,,,,,,,32,61794.2569,91304.2324,14572
14611,,,,,,8,41,26261.0155,33282.2729,18809
14612,,,,,,2,68,57826.7151,65560.269,34351
14613,,,,,,2,25,30633.9615,38712.1693,14613
14614,13198,3924,29.7317775421,2436,18.4573420215,,36,11709,27226,915
14615,6891,1296,18.8071397475,1152,16.7174575533,1,50,39100.8616,48941.2717,16481
14616,,,,,,1,46,49117.5649,55255.8038,28383
14617,2319,322,13.8852953859,282,12.1604139715,1,40,58468.9871,72867.6883,22909
14618,2102,204,9.7050428164,262,12.4643196955,3,84,72476.0283,102147.0884,22006
14619,,,,,,1,11,42324.5636,47125.2948,15169
14620,,,,,,4,76,28441.9634,37256.9999,18758
14621,,,,,,6,120,25180.7707,33352.6523,36144
14622,,,,,,,43,51655.4678,63225.8975,12276
14623,,,,,,1,173,50352.1351,57803.1126,26970
14624,2994,562,18.7708750835,510,17.0340681363,,124,62451.9961,70777.1962,37935
14625,3137,384,12.2409945808,492,15.6837743067,,27,70491.0473,80870.3181,11226
14626,,,,,,1,68,58266.2079,69462.801,29012
14627,,,,,,,13,,,
14642,,,,,,,3,,,
14646,,,,,,,1,,,
14650,,,,,,,1,,,
14701,3448,667,19.3445475638,496,14.3851508121,2,160,35339.642,43753.0809,38250
14702,,,,,,,1,,,
14706,992,168,16.935483871,212,21.3709677419,,27,46810.2502,54896.6074,6441
14707,,,,,,,,40974,46175,225
14708,,,,,,,,40499.2246,47067.217,149
14709,,,,,,1,7,39411.2805,48125.0239,1471
14710,,,,,,,3,45337.9175,57935.2973,3812
14711,245,48,19.5918367347,48,19.5918367347,,13,42250.272,53364.5942,1775
14712,612,78,12.7450980392,123,20.0980392157,,20,44863.386,62255.8905,3400
14714,,,,,,,,42654,54983,501
14715,621,97,15.6199677939,92,14.8148148148,,12,40536.9726,49481.5658,2913
14716,399,76,19.0476190476,74,18.5463659148,,8,39364.152,52769.328,3645
14717,,,,,,,2,42481.5655,53572.1223,731
14718,,,,,,,10,47124.0834,55172.5214,2362
14719,789,138,17.4904942966,130,16.4765525982,,7,45467.667,51950.1045,3626
14720,,,,,,,3,48955,62999,763
14721,,,,,,,,40497,49784,216
14722,,,,,,,14,46855,54873,206
14723,,,,,,,6,46668.2415,53445.9573,1335
14724,331,52,15.7099697885,48,14.501510574,,12,40324.0956,48260.3196,2464
14726,,,,,,,1,45362.0486,51804.9238,2046
14727,603,138,22.8855721393,107,17.7446102819,,21,41515.5754,53281.0412,5540
14728,,,,,,,2,47556.3312,55721.9289,1115
14729,,,,,,,3,46289.4432,50830.5705,967
14730,,,,,,,5,,,
14731,514,118,22.9571984436,85,16.5369649805,,36,41724.8381,54293.2438,1720
14732,,,,,,,2,45338,50275,181
14733,1097,192,17.5022789426,196,17.8669097539,1,17,46087.0301,51036.2247,4078
14735,,,,,,,4,43227.8505,50423.9406,2660
14736,,,,,,,7,43143,49185,320
14737,531,98,18.4557438795,94,17.7024482109,1,21,42067.2501,47492.4842,4297
14738,792,128,16.1616161616,124,15.6565656566,,16,51284.001,58901.713,3811
14739,328,62,18.9024390244,69,21.0365853659,,8,39179.1966,49634.1453,2947
14740,,,,,,,1,42448.1928,53514.7227,1576
14741,,,,,,,3,42839.0036,51185.0724,2009
14742,,,,,,,,45790,64153,275
14743,327,70,21.4067278287,46,14.0672782875,,8,47252.9824,54817.8162,1834
14744,,,,,,,4,43945,50232,2201
14747,,,,,,,3,45277.9391,50256.0703,2375
14748,,,,,,,2,24777.2784,29099.4752,389
14750,,,,,,1,36,44354.3947,65405.7218,4545
14751,,,,,,,1,,,
14752,,,,,,,3,44219,55662,196
14753,,,,,,,3,41876.5991,49402.6154,1206
14754,,,,,,,1,40497,49784,680
14755,,,,,,,13,43625.241,50624.4686,2976
14756,,,,,,,1,45790,64153,108
14757,494,86,17.4089068826,75,15.1821862348,,27,46892.7452,55069.2975,3628
14760,1923,345,17.9407176287,334,17.3686947478,2,111,41749.0009,51218.526,20350
14766,,,,,,,1,,,
14767,433,86,19.8614318707,72,16.6281755196,,4,43148.6088,53500.3335,2045
14769,,,,,,,,39325,52746,1040
14770,801,124,15.4806491885,174,21.7228464419,,14,43526.4822,51762.7356,3101
14772,605,144,23.8016528926,116,19.173553719,,14,44367.3384,49861.8768,4228
14774,,,,,,,1,40497,49784,134
14775,,,,,,,10,42869.1264,49128.372,2721
14777,,,,,,,,42817.957,54379.623,732
14778,,,,,,,5,42049,49606,1124
14779,919,190,20.6746463547,192,20.8922742111,1,35,7392.9098,9544.2212,1297
14781,283,42,14.8409893993,46,16.2544169611,,11,41193.705,49415.433,2144
14782,730,158,21.6438356164,106,14.5205479452,,7,45415.3642,54360.7805,2424
14783,,,,,,,2,14350.574,16110.304,114
14784,,,,,,,1,48430.928,55926.1086,1023
14785,,,,,,,2,,,
14786,,,,,,,1,,,
14787,528,88,16.6666666667,112,21.2121212121,1,34,34885.573,47829.6483,5529
14788,,,,,,,1,44643,52492,145
14801,810,76,9.3827160494,84,10.3703703704,,20,43882.1729,49427.5084,5372
14802,,,,,,,25,45634,58595,3902
14803,,,,,,,3,45056.8549,56752.812,1270
14804,,,,,,,4,30778.9833,39438.4261,1040
14805,,,,,,,1,44529.1465,52255.1962,1213
14806,272,37,13.6029411765,48,17.6470588235,,5,43282.7692,50880.8935,2375
14807,376,50,13.2978723404,30,7.9787234043,,9,37758.145,47116.3965,2523
14808,,,,,,,2,49028,57449,628
14809,405,94,23.2098765432,72,17.7777777778,,4,45277.0562,51889.1892,2582
14810,1221,270,22.113022113,230,18.837018837,2,65,38763.3953,50946.4811,12316
14812,,,,,,,1,46479.7434,55756.0429,3823
14813,461,79,17.136659436,80,17.3535791757,1,15,38377.2005,48179.7094,2476
14814,,,,,,,11,68009.4674,88766.0136,1864
14815,,,,,,,4,46594.0136,56073.2635,936
14816,,,,,,,,64802.5775,74724.6465,466
14817,,,,,,1,2,53621.6227,65379.4622,2127
14818,,,,,,,6,54382,61912,1756
14819,,,,,,,1,45237.4967,49778.0845,797
14820,,,,,,,1,44689.8868,48914.4595,765
14821,696,160,22.9885057471,126,18.1034482759,,11,45094.7373,55645.8168,3346
14822,,,,,,,7,2557.852,2938.5195,67
14823,306,49,16.0130718954,42,13.7254901961,,11,49293.2501,55173.2168,3929
14824,,,,,,,1,44839.2936,53829.6806,706
14825,,,,,,,1,50321,56190,929
14826,,,,,,,7,48288.5078,56829.8635,2260
14827,,,,,,,,52176,81436,175
14830,,,,,,1,102,44721.8389,59922.8888,19504
14831,,,,,,,4,,,
14836,,,,,,,2,39407.7924,47979.1744,903
14837,632,98,15.5063291139,100,15.8227848101,,22,47048.3557,63807.7977,5364
14838,,,,,,,3,47781.3599,55900.7387,2083
14839,,,,,,,1,39157,47956,818
14840,380,88,23.1578947368,60,15.7894736842,1,22,49200.5356,60076.2401,3348
14841,,,,,,,6,53086.5058,60808.5262,909
14842,,,,,,,3,46922.2328,68532.0312,918
14843,1179,250,21.2044105174,186,15.7760814249,1,83,38968.8127,49035.462,13368
14844,,,,,,,5,,,
14845,1355,224,16.5313653137,260,19.1881918819,1,86,55275.4023,68490.1346,20134
14846,,,,,,,2,42869.4964,52197.3258,775
14847,,,,,,,12,42784.8976,58082.8408,2375
14850,,,,,,4,278,51505.0165,65782.7637,62786
14851,2250,320,14.2222222222,312,13.8666666667,,,,,
14852,,,,,,,1,,,
14853,,,,,,,31,136766.2705,249059.1316,173
14854,,,,,,,,62857,76627,15
14855,355,64,18.0281690141,54,15.2112676056,,2,39639.5281,48164.9881,894
14856,,,,,,,1,38714,51208,159
14857,,,,,,,1,,,
14858,,,,,,,1,51029.5488,60014.7312,1558
14859,,,,,,,1,48239.0771,55546.9468,1074
14860,,,,,,,8,39283,49051,1078
14861,,,,,,,,51055.8728,57313.6681,1561
14864,,,,,,,1,49809.3331,60871.3304,1340
14865,,,,,,,17,42211.6364,50063.2792,2674
14867,550,158,28.7272727273,98,17.8181818182,,5,47377.9998,60524.7088,5490
14869,564,124,21.9858156028,90,15.9574468085,,3,44086.6645,51821.5186,1450
14870,2445,476,19.4683026585,396,16.1963190184,,40,50791.1125,75293.7466,9269
14871,,,,,,,6,54708.01,62887.2964,5260
14872,,,,,,,,50978,62502,497
14873,335,70,20.8955223881,66,19.7014925373,,5,42334.4138,50219.0787,2521
14874,,,,,,,,46799,54272,265
14876,,,,,,,1,,,
14877,,,,,,,,39177.0941,47968.4476,492
14878,,,,,,,2,54332.5663,67647.3723,742
14879,,,,,,,3,43826.2701,57105.4005,2228
14880,233,70,30.0429184549,44,18.8841201717,,4,36450.7705,49510.3313,1800
14881,,,,,,,1,53826,65782,137
14882,633,102,16.1137440758,92,14.5339652449,,15,62501.024,79448.448,3746
14883,668,120,17.9640718563,108,16.1676646707,1,10,50602.3387,55949.1049,3891
14884,,,,,,,3,2155.6052,2632.1652,13
14885,,,,,,,2,39157,47956,776
14886,701,80,11.4122681883,88,12.5534950071,1,24,56814.9959,69131.8887,6607
14887,,,,,,,3,,,
14889,,,,,,,7,44987.1599,52867.6412,1526
14891,400,100,25,80,20,2,47,46375.0826,55055.8216,4483
14892,511,100,19.5694716243,88,17.2211350294,1,29,43272.17,52444.2357,8354
14893,,,,,,,1,49815,66180,18
14894,,,,,,,2,59107,64803,2063
14895,938,216,23.0277185501,160,17.0575692964,,47,38783.834,49139.0257,10114
14897,,,,,,,6,41336.4928,49757.7464,901
14898,,,,,,,3,40813.9077,47803.9465,1492
14901,,,,,,3,91,18753.7979,24988.8269,11764
14902,,,,,,,1,,,
14903,536,78,14.552238806,120,22.3880597015,,46,44160.7359,56210.7646,7540
14904,,,,,,,49,37441.3939,47828.5347,16933
14905,4275,746,17.4502923977,726,16.9824561404,,16,48996.3444,67129.1714,8377
15757,,,,,,,1,,,
17401,,,,,,,1,,,
31547,,,,,,,1,,,
